,calories,protein,fat_total,saturated_fat,cholesterol,sodium,choline,folate,niacin,pantothenic_acid,vitamin_b2,vitamin_b1,vitamin_a,vitamin_b12,vitamin_b6,vitamin_c,vitamin_d_mcg,vitamin_k,calcium,copper,iron,magnesium,manganese,phosphorus,potassium,selenium,zinc,carbohydrates,fiber,fat_total,saturated_fat,molybdenum,chloride,biotin,chromium,cysteine_methionine,histidine,isoleucine,leucine,lysine,methionine,phenylalanine_tyrosine,phenylalanine,threonine,tryptophan,valine
asparagus_cooked,39.6,4.32,0.4,0.09,0.0,25.2,46.98,268.2,2.82,0.4,0.25,0.29,90.54,0.0,0.14,13.86,0.0,91.08,41.4,0.3,1.64,25.2,0.28,97.2,403.2,10.98,1.08,7.4,3.6,0.4,0.09,0.0,198.0,0.72,0.0,0.12,0.1,0.15,0.25,0.2,0.06,0.25,0.15,0.17,0.05,0.22
avocado_cubed_raw,240.0,3.0,21.99,3.19,0.0,10.5,21.3,121.5,3.23,2.08,0.19,0.1,10.95,0.0,0.39,15.0,0.0,31.5,18.0,0.28,0.82,43.5,0.21,78.0,727.5,0.6,0.96,12.8,10.05,21.99,3.19,0.0,9.0,5.4,0.0,0.1,0.07,0.13,0.21,0.2,0.06,0.22,0.15,0.11,0.04,0.16
beet_greens_boiled,38.88,3.7,0.29,0.04,0.0,347.04,0.72,20.16,1.68,0.47,0.42,0.17,551.09,0.0,0.19,35.86,0.0,696.96,164.16,0.36,2.74,97.92,0.74,59.04,1308.96,1.3,0.72,7.86,4.18,0.29,0.04,0.0,0.0,0.0,0.0,0.06,0.06,0.08,0.17,0.11,0.03,0.19,0.1,0.11,0.06,0.11
beets_sliced_cooked,74.8,2.86,0.31,0.05,0.0,130.9,10.71,136.0,1.13,0.25,0.07,0.05,2.98,0.0,0.11,6.12,0.0,0.34,27.2,0.13,1.34,39.1,0.55,64.6,518.5,1.19,0.59,16.93,3.4,0.31,0.05,0.0,0.0,0.0,0.0,0.06,0.04,0.08,0.12,0.1,0.03,0.15000000000000002,0.08,0.08,0.03,0.1
bell_peppers_sliced_red_raw,28.52,0.91,0.28,0.02,0.0,3.68,5.15,42.32,1.08,0.29,0.08,0.05,144.03,0.0,0.27,117.48,0.0,4.51,6.44,0.02,0.4,11.04,0.1,23.92,194.12,0.09,0.23,5.55,1.85,0.28,0.02,4.6,22.08,0.0,0.0,0.03,0.02,0.02,0.03,0.03,0.01,0.060000000000000005,0.05,0.04,0.01,0.03
bok_choy_cooked,20.4,2.65,0.27,0.04,0.0,57.8,20.57,69.7,1.15,0.13,0.11,0.05,361.16,0.0,0.28,44.2,0.0,57.8,158.1,0.03,1.77,18.7,0.24,49.3,630.7,0.68,0.29,3.03,1.65,0.27,0.04,0.0,30.6,0.0,0.0,0.05,0.05,0.15,0.15,0.16,0.02,0.13,0.08,0.09,0.03,0.12
broccoli_chopped_cooked,54.6,3.71,0.64,0.12,0.0,63.96,62.56,168.48,1.7,0.96,0.19,0.1,120.74,0.0,0.31,101.24,0.0,220.12,62.4,0.1,1.05,32.76,0.3,104.52,457.08,2.5,0.7,11.2,5.15,0.64,0.12,0.0,35.88,0.0,18.55,0.11,0.09,0.14,0.22,0.23,0.06,0.26,0.17,0.14,0.05,0.2
brussels_sprouts_cooked,56.16,3.98,0.78,0.16,0.0,32.76,63.34,93.6,1.67,0.39,0.12,0.17,60.45,0.0,0.28,96.72,0.0,218.87,56.16,0.13,1.87,31.2,0.35,87.36,494.52,2.34,0.51,11.08,4.06,0.78,0.16,0.0,0.0,0.0,0.0,0.06,0.09,0.16,0.18,0.18,0.04,0.12,0.12,0.14,0.04,0.18
cabbage_red_cooked,43.5,2.27,0.14,0.02,0.0,42.0,32.1,36.0,0.9,0.23,0.09,0.11,2.47,0.0,0.34,51.6,0.0,71.4,63.0,0.08,0.99,25.5,0.33,49.5,393.0,3.45,0.37,10.41,3.9,0.14,0.02,0.0,0.0,0.15,0.0,0.04,0.04,0.05,0.07,0.08,0.02,0.09,0.06,0.06,0.02,0.07
carrots_sliced_raw,50.02,1.13,0.29,0.05,0.0,84.18,10.74,23.18,1.33,0.33,0.07,0.08,1019.07,0.0,0.17,7.2,0.0,16.1,40.26,0.05,0.37,14.64,0.17,42.7,390.4,0.12,0.29,11.69,3.42,0.29,0.05,6.1,0.0,6.1,0.49,0.060000000000000005,0.03,0.05,0.07,0.07,0.01,0.07,0.04,0.13,0.01,0.05
cauliflower_cooked,28.52,2.28,0.56,0.09,0.0,18.6,48.48,54.56,1.0,0.63,0.06,0.05,0.74,0.0,0.21,54.93,0.0,17.11,19.84,0.02,0.4,11.16,0.16,39.68,176.08,0.74,0.21,5.1,2.68,0.56,0.09,0.0,0.0,1.61,0.0,0.06,0.05,0.09,0.13,0.12,0.03,0.13,0.08,0.08,0.03,0.11
celery_diced_raw,16.16,0.7,0.17,0.04,0.0,80.8,6.16,36.36,0.47,0.25,0.06,0.02,22.67,0.0,0.07,3.13,0.0,29.59,40.4,0.04,0.2,11.11,0.1,24.24,262.6,0.4,0.13,3.0,1.4,0.17,0.04,5.05,0.0,0.1,0.3,0.01,0.01,0.02,0.03,0.03,0.01,0.03,0.02,0.02,0.01,0.03
collard_greens_chopped_cooked,62.7,5.15,1.37,0.09,0.0,28.5,72.96,30.4,1.95,0.41,0.2,0.08,722.0,0.0,0.24,34.58,0.0,772.54,267.9,0.1,2.15,39.9,0.97,60.8,222.3,0.95,0.44,10.73,7.6,1.37,0.09,0.0,0.0,0.0,0.0,0.09,0.08,0.16,0.25,0.19,0.05,0.25,0.14,0.14,0.05,0.2
corn_yellow_cooked,73.92,2.63,1.16,0.15,0.0,0.77,22.41,17.71,1.59,0.61,0.04,0.07,10.13,0.0,0.11,4.24,0.0,0.31,2.31,0.04,0.35,20.02,0.13,59.29,167.86,0.15,0.48,16.15,1.85,1.16,0.15,0.0,0.0,0.0,0.0,0.07,0.07,0.1,0.28,0.11,0.05,0.22,0.12,0.1,0.02,0.15
cucumber_sliced_raw,15.6,0.68,0.11,0.04,0.0,2.08,6.24,7.28,0.19,0.27,0.03,0.03,5.46,0.0,0.04,2.91,0.0,17.06,16.64,0.04,0.29,13.52,0.08,24.96,152.88,0.31,0.21,3.78,0.52,0.11,0.04,5.2,0.0,0.94,0.0,0.01,0.01,0.02,0.03,0.03,0.01,0.03,0.02,0.02,0.01,0.02
eggplant_cubed_cooked,34.65,0.82,0.23,0.04,0.0,0.99,9.31,13.86,0.73,0.07,0.02,0.08,1.83,0.0,0.09,1.29,0.0,2.87,5.94,0.06,0.25,10.89,0.11,14.85,121.77,0.1,0.12,8.64,2.47,0.23,0.04,0.0,0.0,0.0,0.0,0.01,0.02,0.04,0.05,0.04,0.01,0.05,0.03,0.03,0.01,0.04
fennel_sliced_raw,26.97,1.08,0.17,0.0,0.0,45.24,0.0,23.49,0.56,0.2,0.03,0.01,5.83,0.0,0.04,10.44,0.0,0.0,42.63,0.06,0.64,14.79,0.17,43.5,360.18,0.61,0.17,6.35,2.7,0.17,0.0,4.35,0.0,0.0,0.0,0.0,0.0,0.0,0.0,0.0,0.0,0.0,0.0,0.0,0.0,0.0
garlic_raw,26.82,1.14,0.09,0.02,0.0,3.06,4.18,0.54,0.32,0.11,0.02,0.04,0.08,0.0,0.22,5.62,0.0,0.31,32.58,0.05,0.31,4.5,0.3,27.54,72.18,2.56,0.21,5.95,0.38,0.09,0.02,0.0,0.0,0.0,0.0,0.02,0.02,0.04,0.06,0.05,0.01,0.04,0.03,0.03,0.01,0.05
green_beans_cooked,43.75,2.36,0.35,0.08,0.0,1.25,21.13,41.25,1.18,0.09,0.12,0.09,43.75,0.0,0.07,12.13,0.0,20.0,55.0,0.07,0.81,22.5,0.36,36.25,182.5,0.25,0.31,9.85,4.0,0.35,0.08,0.0,13.75,1.0,2.04,0.05,0.04,0.09,0.14,0.11,0.03,0.14,0.09,0.1,0.02,0.12
green_peas_cooked,115.71,7.38,0.3,0.05,0.0,4.13,40.91,86.78,3.63,0.21,0.21,0.36,55.17,0.0,0.3,19.56,0.0,35.68,37.19,0.24,2.12,53.72,0.72,161.17,373.3,2.62,1.64,21.53,7.58,0.3,0.05,6.89,11.02,0.55,0.69,0.15,0.14,0.27,0.44,0.43,0.11,0.42000000000000004,0.27,0.28,0.05,0.32
kale_cooked,36.4,2.47,0.52,0.07,0.0,29.9,0.52,16.9,1.15,0.06,0.09,0.07,885.36,0.0,0.18,53.3,0.0,1062.1,93.6,0.2,1.17,23.4,0.54,36.4,296.4,1.17,0.31,7.32,2.6,0.52,0.07,0.0,0.0,0.0,0.0,0.05,0.05,0.15,0.17,0.15,0.02,0.22,0.13,0.11,0.03,0.14
leeks_cooked,32.24,0.84,0.21,0.03,0.0,10.4,0.0,24.96,0.31,0.07,0.02,0.03,42.22,0.0,0.12,4.37,0.0,26.42,31.2,0.06,1.14,14.56,0.26,17.68,90.48,0.52,0.06,7.92,1.04,0.21,0.03,0.0,0.0,0.0,0.0,0.02,0.01,0.03,0.05,0.04,0.01,0.05,0.03,0.04,0.01,0.03
mushrooms_crimini_raw,15.84,1.8,0.07,0.01,0.0,4.32,15.91,18.0,3.41,1.08,0.35,0.07,0.0,0.07,0.08,0.0,0.07,0.0,12.96,0.36,0.29,6.48,0.1,86.4,322.56,18.72,0.79,3.1,0.43,0.07,0.01,0.0,0.0,0.0,0.0,0.03,0.05,0.07,0.11,0.18,0.03,0.11000000000000001,0.07,0.08,0.04,0.08
mushrooms_shiitake_cooked,40.6,1.13,0.16,0.04,0.0,2.9,26.68,15.22,1.14,2.61,0.12,0.03,0.0,0.0,0.12,0.22,0.51,0.0,2.17,0.65,0.32,10.15,0.15,21.02,84.82,17.98,0.96,10.43,1.52,0.16,0.04,0.0,0.0,0.0,0.0,0.04,0.02,0.04,0.07,0.03,0.02,0.08,0.05,0.05,0.0,0.05
mustard_greens_cooked,36.4,3.58,0.66,0.02,0.0,12.6,0.56,12.6,0.61,0.17,0.09,0.06,865.9,0.0,0.14,35.42,0.0,829.78,165.2,0.2,1.22,18.2,0.38,58.8,226.8,0.84,0.31,6.31,2.8,0.66,0.02,0.0,0.0,0.0,0.0,0.08,0.06,0.11,0.1,0.14,0.03,0.25,0.08,0.08,0.03,0.12
olive_oil_cold_pressed_extra_virgin,119.34,0.0,13.5,1.86,0.0,0.27,0.04,0.0,0.0,0.0,0.0,0.0,0.0,0.0,0.0,0.0,0.0,8.13,0.13,0.0,0.08,0.0,0.0,0.0,0.13,0.0,0.0,0.0,0.0,13.5,1.86,0.0,0.0,0.0,0.0,0.0,0.0,0.0,0.0,0.0,0.0,0.0,0.0,0.0,0.0,0.0
olives_black_canned,154.56,1.13,14.35,1.9,0.0,987.84,13.84,0.0,0.05,0.02,0.0,0.0,27.08,0.0,0.01,1.21,0.0,1.88,118.27,0.34,4.44,5.38,0.03,4.03,10.75,1.21,0.3,8.41,4.3,14.35,1.9,0.0,0.0,0.0,0.0,0.02,0.03,0.04,0.07,0.04,0.02,0.07,0.04,0.03,0.0,0.05
onions_chopped_cooked,92.4,2.86,0.4,0.07,0.0,6.3,14.28,31.5,1.05,0.24,0.05,0.09,0.21,0.0,0.27,10.92,0.0,1.05,46.2,0.14,0.5,23.1,0.32,73.5,348.6,1.26,0.44,21.31,2.94,0.4,0.07,0.0,12.6,7.98,0.0,0.07,0.05,0.1,0.1,0.14,0.02,0.14,0.07,0.07,0.04,0.07
potatoes_baked,160.89,4.32,0.22,0.06,0.0,17.3,25.6,48.44,3.16,0.65,0.08,0.11,0.86,0.0,0.54,16.61,0.0,3.46,25.95,0.2,1.87,48.44,0.38,121.1,925.55,0.69,0.62,36.59,3.81,0.22,0.06,0.0,0.0,0.0,0.0,0.12000000000000001,0.07,0.14,0.21,0.22,0.07,0.27,0.17,0.14,0.04,0.22
romaine_lettuce_raw,15.98,1.16,0.28,0.04,0.0,7.52,9.31,127.84,0.45,0.13,0.06,0.07,409.37,0.0,0.07,3.76,0.0,96.35,31.02,0.05,0.91,13.16,0.15,28.2,232.18,0.38,0.22,3.09,1.97,0.28,0.04,5.64,53.58,1.79,1.25,0.02,0.02,0.04,0.07,0.06,0.01,0.08,0.06,0.04,0.01,0.05
sea_vegetables_dulse_dried,10.85,1.81,0.09,0.02,0.0,14.96,0.0,45.6,0.68,0.16,0.14,0.03,81.05,0.0,0.05,12.16,0.0,0.0,21.82,0.08,0.56,0.62,0.31,18.05,110.96,0.0,0.33,1.18,0.09,0.09,0.02,0.0,0.0,0.0,0.0,0.08,0.04,0.08,0.16,0.07,0.05,0.16999999999999998,0.09,0.07,0.01,0.13
spinach_cooked,41.4,5.35,0.47,0.08,0.0,126.0,35.46,262.8,2.08,0.26,0.42,0.17,943.29,0.0,0.44,17.64,0.0,888.48,244.8,0.31,6.43,156.6,1.68,100.8,838.8,2.7,1.37,6.75,4.32,0.47,0.08,0.0,100.8,0.18,0.0,0.16,0.12,0.27,0.42,0.33,0.1,0.44,0.24,0.23,0.07,0.3
summer_squash_sliced_cooked,36.0,1.64,0.56,0.12,0.0,1.8,14.22,36.0,1.16,0.25,0.07,0.08,19.08,0.0,0.12,9.9,0.0,6.3,48.6,0.19,0.65,43.2,0.38,70.2,345.6,0.36,0.7,7.76,2.52,0.56,0.12,0.0,46.8,0.0,0.0,0.04,0.04,0.06,0.1,0.09,0.02,0.1,0.06,0.04,0.01,0.07
winter_squash_cubed_cooked,75.85,1.82,0.72,0.15,0.0,2.05,21.73,41.0,1.46,0.48,0.14,0.03,535.36,0.0,0.33,19.68,0.0,9.02,45.1,0.17,0.9,26.65,0.38,38.95,494.05,0.82,0.45,18.14,5.74,0.72,0.15,0.0,0.0,0.0,0.0,0.04,0.03,0.07,0.1,0.07,0.02,0.13,0.07,0.06,0.03,0.08
sweet_potato_baked,180.0,4.02,0.3,0.07,0.0,72.0,26.2,12.0,4.31,1.77,0.21,0.21,1921.8,0.0,0.57,39.2,0.0,4.6,76.0,0.32,1.38,54.0,0.99,108.0,950.0,0.4,0.64,41.42,6.6,0.3,0.07,0.0,170.0,8.6,0.0,0.13,0.08,0.14,0.24,0.17,0.07,0.32,0.23,0.21,0.08,0.22
swiss_chard_chopped_boiled,35.0,3.29,0.14,0.02,0.0,313.25,50.23,15.75,1.15,0.29,0.15,0.06,535.85,0.0,0.15,31.5,0.0,572.77,101.5,0.29,3.96,150.5,0.58,57.75,960.75,1.57,0.58,7.23,3.67,0.14,0.02,0.0,0.0,0.0,0.0,0.03,0.07,0.27,0.24,0.18,0.03,0.2,0.2,0.15,0.03,0.2
tomatoes_sliced_raw,32.4,1.58,0.36,0.05,0.0,9.0,12.06,27.0,1.25,0.16,0.03,0.07,74.97,0.0,0.14,24.66,0.0,14.22,18.0,0.11,0.49,19.8,0.21,43.2,426.6,0.0,0.31,7.0,2.16,0.36,0.05,9.0,108.0,7.2,1.26,0.03,0.03,0.03,0.04,0.05,0.01,0.08,0.05,0.05,0.01,0.03
turnip_greens_cooked,28.8,1.64,0.33,0.08,0.0,41.76,0.43,169.92,1.06,0.39,0.1,0.06,549.0,0.0,0.26,39.46,0.0,529.34,197.28,0.36,1.15,31.68,0.49,41.76,292.32,1.3,0.2,6.28,5.04,0.33,0.08,0.0,21.6,0.58,0.0,0.06,0.04,0.08,0.15,0.1,0.04,0.16,0.1,0.09,0.03,0.11
almonds_sliced_raw,132.25,4.88,11.37,0.86,0.0,0.23,11.98,11.5,1.52,0.11,0.23,0.05,0.01,0.0,0.03,0.0,0.0,0.0,60.72,0.23,0.86,61.64,0.53,111.32,162.15,0.57,0.71,4.98,2.81,11.37,0.86,6.78,4.14,14.72,0.0,0.07,0.12,0.15,0.31,0.12,0.03,0.32,0.23,0.12,0.04,0.17
cashews_raw,221.2,7.29,17.54,3.11,0.0,4.8,0.0,10.0,2.17,0.35,0.02,0.17,0.0,0.0,0.17,0.2,0.0,13.64,14.8,0.88,2.67,116.8,0.66,237.2,264.0,7.96,2.31,12.08,1.32,17.54,3.11,0.0,0.0,0.0,0.0,0.27,0.17,0.29,0.54,0.34,0.13,0.53,0.35,0.25,0.1,0.4
flaxseeds_ground_raw,74.76,2.56,5.9,0.51,0.0,4.2,11.02,12.18,1.07,0.14,0.02,0.23,0.0,0.0,0.07,0.08,0.0,0.6,35.7,0.17,0.8,54.88,0.35,89.88,113.82,3.56,0.61,4.04,3.82,5.9,0.51,0.0,0.0,0.0,0.0,0.09,0.06,0.12,0.16,0.11,0.05,0.18,0.12,0.1,0.04,0.14
peanuts_raw,206.95,9.42,17.97,2.49,0.0,6.57,19.16,87.6,5.91,0.64,0.05,0.23,0.0,0.0,0.13,0.0,0.0,0.0,33.58,0.42,1.67,61.32,0.71,137.24,257.32,2.63,1.19,5.89,3.1,17.97,2.49,10.77,2.55,6.4,0.0,0.22999999999999998,0.24,0.33,0.61,0.34,0.11,0.86,0.48,0.32,0.09,0.39
pumpkin_seeds_dried_shelled,180.28,9.75,15.82,2.79,0.0,2.26,20.32,18.7,4.41,0.24,0.05,0.09,0.26,0.0,0.05,0.61,0.0,2.35,14.84,0.43,2.84,190.92,1.47,397.64,260.9,3.03,2.52,3.45,1.94,15.82,2.79,0.0,0.0,0.0,0.0,0.28,0.23,0.37,0.71,0.36,0.18,0.8300000000000001,0.51,0.29,0.17,0.46
sesame_seeds_dried,206.28,6.38,17.88,2.5,0.0,3.96,9.22,34.92,3.68,0.02,0.09,0.28,0.16,0.0,0.28,0.0,0.0,0.0,351.0,1.47,5.24,126.36,0.89,226.44,168.48,12.38,2.79,8.44,4.25,17.88,2.5,10.62,3.6,3.96,0.0,0.3,0.17,0.24,0.43,0.18,0.19,0.54,0.3,0.23,0.12,0.31
sunflower_seeds_dried,204.4,7.27,18.01,1.56,0.0,3.15,19.29,79.45,4.6,0.4,0.12,0.52,0.88,0.0,0.47,0.49,0.0,0.0,27.3,0.63,1.84,113.75,0.68,231.0,225.75,18.55,1.75,7.0,3.01,18.01,1.56,0.0,0.0,0.0,0.0,0.27,0.18,0.33,0.48,0.27,0.14,0.53,0.34,0.27,0.1,0.38
walnuts_english_dried_pieces,196.2,4.57,19.56,1.84,0.0,0.6,11.76,29.4,1.16,0.17,0.05,0.1,0.3,0.0,0.16,0.39,0.0,0.81,29.4,0.48,0.87,47.4,1.02,103.8,132.3,1.47,0.93,4.11,2.01,19.56,1.84,8.85,7.2,5.7,0.0,0.13,0.11,0.18,0.34,0.12,0.07,0.32999999999999996,0.21,0.17,0.05,0.22
apple_fresh,94.64,0.47,0.31,0.05,0.0,1.82,6.19,5.46,0.2,0.11,0.05,0.03,4.91,0.0,0.07,8.37,0.0,4.0,10.92,0.05,0.22,9.1,0.06,20.02,194.74,0.0,0.07,25.13,4.37,0.31,0.05,0.0,0.0,2.27,1.69,0.0,0.01,0.01,0.02,0.02,0.0,0.01,0.01,0.01,0.0,0.02
apricot_fresh,16.8,0.49,0.14,0.01,0.0,0.35,0.98,3.15,0.3,0.08,0.01,0.01,33.7,0.0,0.02,3.5,0.0,1.16,4.55,0.03,0.14,3.5,0.03,8.05,90.65,0.03,0.07,3.89,0.69,0.14,0.01,0.0,1.05,0.0,0.0,0.0,0.01,0.01,0.03,0.03,0.0,0.03,0.02,0.02,0.01,0.02
banana_fresh_af,105.02,1.2,0.39,0.13,0.0,1.18,11.56,23.6,0.96,0.39,0.09,0.04,3.78,0.0,0.43,10.27,0.0,0.59,5.9,0.09,0.31,31.86,0.32,25.96,422.44,1.18,0.18,26.95,3.07,0.39,0.13,0.0,93.22,3.07,0.93,0.02,0.09,0.03,0.08,0.06,0.01,0.06999999999999999,0.06,0.03,0.01,0.06
blueberries_fresh,84.36,1.1,0.49,0.04,0.0,1.48,8.88,8.88,0.69,0.18,0.06,0.05,4.0,0.0,0.08,14.36,0.0,28.56,8.88,0.08,0.41,8.88,0.5,17.76,113.96,0.15,0.24,21.45,3.55,0.49,0.04,0.0,0.0,0.0,0.0,0.03,0.02,0.03,0.07,0.02,0.02,0.05,0.04,0.03,0.0,0.05
cantaloupe_cubed_fresh,54.4,1.34,0.3,0.08,0.0,25.6,12.16,33.6,1.23,0.17,0.03,0.07,270.56,0.0,0.12,58.72,0.0,4.0,14.4,0.07,0.34,19.2,0.07,24.0,427.2,0.64,0.29,13.06,1.34,0.3,0.08,0.0,70.4,0.0,0.0,0.02,0.02,0.03,0.05,0.05,0.02,0.06,0.04,0.03,0.0,0.05
cranberries_fresh_whole,46.0,0.39,0.13,0.01,0.0,2.0,5.5,1.0,0.12,0.29,0.02,0.01,3.0,0.0,0.06,13.3,0.0,5.1,8.0,0.06,0.25,6.0,0.36,13.0,85.0,0.1,0.1,12.2,4.6,0.13,0.01,0.0,0.0,0.0,0.0,0.0,0.01,0.01,0.02,0.02,0.0,0.03,0.02,0.01,0.0,0.02
figs_fresh,37.0,0.38,0.15,0.03,0.0,0.5,2.35,3.0,0.25,0.15,0.02,0.03,3.55,0.0,0.06,1.0,0.0,2.35,17.5,0.03,0.19,8.5,0.06,7.0,116.0,0.1,0.07,9.59,1.45,0.15,0.03,0.0,9.0,0.0,0.0,0.01,0.01,0.01,0.02,0.01,0.0,0.03,0.01,0.01,0.0,0.01
grapefruit_pink_fresh,40.96,0.81,0.13,0.02,0.0,0.0,9.86,12.8,0.45,0.36,0.03,0.05,59.33,0.0,0.05,44.03,0.0,0.0,15.36,0.06,0.12,10.24,0.02,10.24,177.92,0.38,0.09,10.34,1.41,0.13,0.02,0.0,2.56,1.28,0.0,0.02,0.01,0.01,0.02,0.02,0.01,0.060000000000000005,0.05,0.01,0.01,0.02
grapes_fresh,104.19,1.09,0.24,0.08,0.0,3.02,8.46,3.02,0.56,0.08,0.11,0.1,4.98,0.0,0.13,4.83,0.0,22.05,15.1,0.19,0.54,10.57,0.11,30.2,288.41,0.15,0.11,27.33,1.36,0.24,0.08,0.0,0.0,0.45,0.3,0.03,0.03,0.02,0.03,0.04,0.01,0.05,0.03,0.03,0.02,0.03
kiwifruit_fresh,42.09,0.79,0.36,0.02,0.0,2.07,5.38,17.25,0.41,0.13,0.02,0.02,3.0,0.0,0.04,63.96,0.0,27.81,23.46,0.09,0.21,11.73,0.07,23.46,215.28,0.14,0.1,10.12,2.07,0.36,0.02,0.0,26.91,0.0,0.0,0.04,0.02,0.04,0.05,0.04,0.02,0.05,0.03,0.03,0.01,0.04
lemons_and_limes_fresh_juice,13.42,0.21,0.15,0.02,0.0,0.61,3.11,12.2,0.06,0.08,0.01,0.01,0.18,0.0,0.03,23.61,0.0,0.0,3.66,0.01,0.05,3.66,0.01,4.88,62.83,0.06,0.03,4.21,0.18,0.15,0.02,0.0,0.0,0.18,0.0,0.0,0.0,0.0,0.0,0.0,0.0,0.0,0.0,0.0,0.0,0.0
oranges_fresh,61.57,1.23,0.16,0.02,0.0,0.0,11.0,39.3,0.57,0.33,0.05,0.11,14.74,0.0,0.08,69.69,0.0,0.0,52.4,0.06,0.13,13.1,0.03,18.34,237.11,0.65,0.09,15.39,3.14,0.16,0.02,0.0,3.93,1.31,0.39,0.04,0.02,0.03,0.03,0.06,0.03,0.06,0.04,0.02,0.01,0.05
papaya_fresh,118.68,1.3,0.72,0.22,0.0,22.08,16.84,102.12,1.35,0.53,0.07,0.06,131.1,0.0,0.1,168.08,0.0,7.18,55.2,0.12,0.69,57.96,0.11,27.6,502.32,1.66,0.22,29.86,4.69,0.72,0.22,0.0,30.36,0.0,0.0,0.01,0.01,0.02,0.04,0.07,0.01,0.03,0.02,0.03,0.02,0.03
pear_fresh,101.46,0.64,0.25,0.03,0.0,1.78,9.08,12.46,0.35,0.09,0.05,0.02,2.22,0.0,0.05,7.65,0.0,7.83,16.02,0.15,0.32,12.46,0.09,21.36,206.48,0.18,0.18,27.11,5.52,0.25,0.03,0.0,1.78,0.36,0.0,0.0,0.0,0.02,0.03,0.03,0.0,0.02,0.02,0.02,0.0,0.03
pineapple_chunks_fresh,82.5,0.89,0.2,0.01,0.0,1.65,9.07,29.7,0.96,0.35,0.05,0.13,4.78,0.0,0.18,78.87,0.0,1.15,21.45,0.18,0.48,19.8,1.53,13.2,179.85,0.16,0.2,21.65,2.31,0.2,0.01,0.0,0.0,0.5,0.0,0.04,0.02,0.03,0.04,0.04,0.02,0.06,0.03,0.03,0.01,0.04
plum_fresh,30.36,0.46,0.18,0.01,0.0,0.0,1.25,3.3,0.37,0.09,0.02,0.02,11.38,0.0,0.02,6.27,0.0,4.22,3.96,0.04,0.11,4.62,0.03,10.56,103.62,0.0,0.07,7.54,0.92,0.18,0.01,0.0,0.0,0.0,0.0,0.01,0.01,0.01,0.01,0.01,0.01,0.02,0.01,0.01,0.01,0.01
raspberries_fresh,63.96,1.48,0.8,0.02,0.0,1.23,15.13,25.83,0.74,0.4,0.05,0.04,2.03,0.0,0.07,32.23,0.0,9.59,30.75,0.11,0.85,27.06,0.82,35.67,185.73,0.25,0.52,14.69,7.99,0.8,0.02,0.0,27.06,2.34,0.0,0.0,0.0,0.0,0.0,0.0,0.0,0.0,0.0,0.0,0.0,0.0
strawberries_fresh,46.08,0.96,0.43,0.02,0.0,1.44,8.21,34.56,0.75,0.18,0.03,0.03,0.86,0.0,0.07,84.67,0.0,3.17,23.04,0.07,0.59,18.72,0.56,34.56,220.32,0.58,0.2,11.06,2.88,0.43,0.02,0.0,25.92,1.58,0.0,0.01,0.02,0.02,0.05,0.04,0.0,0.06,0.03,0.03,0.01,0.03
watermelon_diced_fresh,45.6,0.93,0.23,0.02,0.0,1.52,6.23,4.56,0.45,0.34,0.03,0.05,43.24,0.0,0.07,12.31,0.0,0.15,10.64,0.06,0.36,15.2,0.06,16.72,170.24,0.61,0.15,11.48,0.61,0.23,0.02,0.0,0.0,1.52,0.0,0.01,0.01,0.03,0.03,0.09,0.01,0.04,0.02,0.04,0.01,0.02
black_beans_cooked,227.04,15.24,0.93,0.24,0.0,1.72,0.0,256.28,3.88,0.42,0.1,0.42,0.52,0.0,0.12,0.0,0.0,0.0,46.44,0.36,3.61,120.4,0.76,240.8,610.6,2.06,1.93,40.78,14.96,0.93,0.24,129.0,0.0,0.0,0.0,0.4,0.42,0.67,1.22,1.05,0.23,1.25,0.82,0.64,0.18,0.8
dried_peas_split_cooked,231.28,16.35,0.76,0.11,0.0,3.92,64.29,127.4,4.78,1.17,0.11,0.37,0.69,0.0,0.09,0.78,0.0,9.8,27.44,0.35,2.53,70.56,0.78,194.04,709.52,1.18,1.96,41.36,16.27,0.76,0.11,147.0,0.0,0.0,0.0,0.42000000000000004,0.4,0.67,1.17,1.18,0.17,1.22,0.75,0.58,0.18,0.77
garbanzo_beans_cooked,268.96,14.53,4.25,0.44,0.0,11.48,70.19,282.08,3.19,0.47,0.1,0.19,2.21,0.0,0.23,2.13,0.0,6.56,80.36,0.58,4.74,78.72,1.69,275.52,477.24,6.07,2.51,44.97,12.46,4.25,0.44,123.0,0.0,0.0,0.0,0.39,0.4,0.62,1.03,0.97,0.19,1.1400000000000001,0.78,0.54,0.14,0.61
kidney_beans_cooked,224.79,15.35,0.88,0.13,0.0,1.77,53.98,230.1,4.09,0.39,0.1,0.28,0.0,0.0,0.21,2.12,0.0,14.87,61.95,0.38,3.93,74.34,0.76,244.26,716.85,1.95,1.77,40.36,11.33,0.88,0.13,132.75,0.0,0.0,0.0,0.34,0.42,0.73,1.3,1.07,0.2,1.26,0.9,0.56,0.18,0.88
lentils_cooked,229.68,17.86,0.75,0.1,0.0,3.96,64.75,358.38,4.77,1.26,0.14,0.33,0.79,0.0,0.35,2.97,0.0,3.37,37.62,0.5,6.59,71.28,0.98,356.4,730.62,5.54,2.51,39.86,15.64,0.75,0.1,148.5,0.0,0.0,0.0,0.38,0.5,0.77,1.29,1.25,0.15,1.3599999999999999,0.88,0.64,0.16,0.89
lima_beans_cooked,216.2,14.66,0.71,0.17,0.0,3.76,61.1,156.04,3.66,0.79,0.1,0.3,0.0,0.0,0.3,0.0,0.0,3.76,31.96,0.44,4.49,80.84,0.97,208.68,955.04,8.46,1.79,39.25,13.16,0.71,0.17,141.0,0.0,0.0,0.0,0.35,0.45,0.77,1.26,0.98,0.19,1.3599999999999999,0.84,0.63,0.17,0.88
miso_,34.2,2.01,1.03,0.2,0.0,640.75,12.41,3.27,0.6,0.06,0.04,0.02,0.75,0.01,0.03,0.0,0.0,5.04,9.8,0.07,0.43,8.25,0.15,27.33,36.09,1.2,0.44,4.55,0.93,1.03,0.2,0.0,0.0,0.0,0.0,0.02,0.04,0.09,0.14,0.08,0.02,0.14,0.08,0.08,0.03,0.09
navy_beans_cooked,254.8,14.98,1.13,0.15,0.0,0.0,81.35,254.8,4.21,0.48,0.12,0.43,0.0,0.0,0.25,1.64,0.0,1.09,125.58,0.38,4.3,96.46,0.96,262.08,707.98,5.28,1.87,47.41,19.11,1.13,0.15,0.0,0.0,0.0,0.0,0.34,0.37,0.7,1.27,0.95,0.2,1.22,0.86,0.53,0.18,0.92
pinto_beans_cooked,244.53,15.41,1.11,0.23,0.0,1.71,60.36,294.12,3.62,0.36,0.11,0.33,0.0,0.0,0.39,1.37,0.0,5.98,78.66,0.37,3.57,85.5,0.77,251.37,745.56,10.6,1.68,44.84,15.39,1.11,0.23,128.25,0.0,0.0,0.0,0.34,0.42,0.73,1.31,1.08,0.2,1.27,0.91,0.57,0.18,0.89
soy_sauce_tamari,10.8,1.89,0.02,0.0,0.0,1005.48,6.91,3.24,1.25,0.07,0.03,0.01,0.0,0.0,0.04,0.0,0.0,0.0,3.6,0.02,0.43,7.2,0.09,23.4,38.16,0.14,0.08,1.0,0.14,0.02,0.0,0.0,0.0,0.0,0.0,0.05,0.04,0.09,0.13,0.13,0.03,0.16,0.1,0.07,0.03,0.09
soybeans_cooked,297.56,28.62,15.43,2.23,0.0,1.72,81.7,92.88,7.24,0.31,0.49,0.27,0.77,0.0,0.4,2.92,0.0,33.02,175.44,0.7,8.84,147.92,1.42,421.4,885.8,12.56,1.98,17.08,10.32,15.43,2.23,129.0,0.0,0.0,0.0,0.8,0.73,1.31,2.2,1.8,0.36,2.4299999999999997,1.41,1.18,0.39,1.35
tempeh_cooked,222.26,20.63,12.9,3.86,0.0,15.88,0.0,23.81,2.42,0.51,0.4,0.06,0.0,0.16,0.23,0.0,0.0,0.0,108.86,0.61,2.42,87.32,1.46,286.9,454.73,0.0,1.78,10.6,12.0,12.9,3.86,0.0,0.0,0.0,0.0,0.0,0.0,0.0,0.0,0.0,0.0,0.0,0.0,0.0,0.0,0.0
tofu_firm,164.43,17.89,9.89,1.43,0.0,15.88,0.0,32.89,5.08,0.15,0.12,0.18,9.41,0.0,0.1,0.23,0.0,0.0,774.51,0.43,3.02,65.77,1.34,215.46,268.75,19.73,1.78,4.84,2.61,9.89,1.43,0.0,0.0,0.0,0.0,0.48,0.52,0.89,1.36,1.18,0.23,1.47,0.87,0.73,0.28,0.9
beef_grass-fed_strip_steak_cooked,175.0,26.16,8.1,2.8,74.0,62.37,73.82,14.74,7.6,0.77,0.14,0.06,4.25,1.44,0.74,0.0,0.0,1.02,10.21,0.08,2.04,26.08,0.01,240.4,387.82,23.93,4.09,0.0,0.0,8.1,2.8,0.0,0.0,0.0,0.0,1.01,0.83,1.18,2.08,2.21,0.68,1.8599999999999999,1.03,1.04,0.17,1.3
chicken_pasture-raised_breast_roasted,187.11,35.18,4.05,1.15,85.0,83.91,96.73,4.54,22.39,1.09,0.13,0.08,6.8,0.39,0.68,0.0,0.11,0.34,17.01,0.06,1.18,32.89,0.02,258.55,290.3,31.3,1.13,0.0,0.0,4.05,1.15,0.0,0.0,0.0,0.67,1.42,1.09,1.86,2.64,2.99,0.97,2.59,1.4,1.49,0.41,1.75
lamb_grass-fed_lean_loin_roasted,310.45,25.57,23.13,11.61,107.73,72.57,100.24,21.55,13.04,0.74,0.27,0.11,17.12,2.51,0.12,0.0,0.11,5.33,20.41,0.13,2.4,26.08,0.02,204.12,278.96,27.9,3.87,0.0,0.0,23.13,11.61,3.86,0.0,1.13,0.0,0.97,0.81,1.23,1.99,2.26,0.66,1.9,1.04,1.09,0.3,1.38
turkey_pasture-raised_light_meat_roasted,166.7,34.17,2.36,0.67,90.72,112.26,94.57,11.34,19.39,1.02,0.23,0.04,3.4,0.42,0.92,0.0,0.34,0.0,10.21,0.07,0.81,36.29,0.01,260.82,282.36,34.25,1.95,0.0,0.0,2.36,0.67,3.86,0.0,0.0,0.0,1.21,0.93,0.98,2.37,2.82,0.89,2.1100000000000003,1.1,1.24,0.36,1.09
cheese_grass_fed_cheddar_whole_milk,114.25,7.06,9.23,5.4,29.77,176.05,4.68,5.1,1.41,0.12,0.11,0.01,63.86,0.24,0.02,0.0,0.17,0.79,204.4,0.01,0.19,7.94,0.0,145.15,27.78,3.94,0.88,0.36,0.0,9.23,5.4,1.3,292.0,0.85,0.0,0.2,0.23,0.4,0.62,0.54,0.17,0.65,0.34,0.23,0.08,0.43
cow's_milk_grass-fed,74.42,3.84,3.65,2.28,12.2,52.46,17.45,6.1,0.87,0.46,0.21,0.06,56.12,0.55,0.04,0.0,1.59,0.37,137.86,0.03,0.04,12.2,0.0,102.48,161.04,4.51,0.45,5.86,0.0,3.65,2.28,2.44,122.0,2.32,0.06,0.11,0.11,0.19,0.34,0.3,0.09,0.37,0.19,0.15,0.05,0.24
eggs_pasture-raised_large_hard_boiled,77.5,6.29,5.32,1.63,165.0,62.0,146.9,22.0,1.31,0.7,0.26,0.03,74.5,0.55,0.06,0.0,1.1,0.15,25.0,0.01,0.59,5.0,0.01,86.0,63.0,15.4,0.52,0.56,0.0,5.32,1.63,8.5,80.0,8.0,0.2,0.35,0.15,0.34,0.54,0.45,0.2,0.5900000000000001,0.33,0.3,0.08,0.38
yogurt_grass_fed_whole_milk,149.45,8.5,7.96,5.14,31.85,112.7,37.24,17.15,0.93,0.95,0.35,0.07,67.17,0.91,0.08,1.23,0.25,0.49,296.45,0.02,0.12,29.4,0.01,232.75,379.75,5.39,1.45,11.42,0.0,7.96,5.14,11.27,416.5,3.92,0.0,0.30000000000000004,0.19,0.42,0.78,0.7,0.23,0.81,0.42,0.32,0.04,0.64
cod_pacific_fillet_baked,96.39,21.24,0.57,0.12,64.64,421.84,90.38,9.07,5.89,0.41,0.06,0.04,2.27,2.62,0.15,0.0,0.68,0.0,11.34,0.03,0.23,27.22,0.02,391.22,327.72,31.75,0.44,0.0,0.0,0.57,0.12,3.86,0.0,0.0,0.0,0.77,0.45,0.94,1.69,1.95,0.58,1.6,0.83,0.92,0.26,1.02
salmon_wild_coho_broiled,157.62,26.59,4.88,1.2,62.37,65.77,81.65,14.74,13.99,0.92,0.16,0.09,57.83,5.67,0.64,1.59,12.81,0.11,51.03,0.08,0.69,37.42,0.02,365.14,492.15,43.09,0.64,0.0,0.0,4.88,1.2,3.86,0.0,4.54,0.0,1.07,0.78,1.23,2.16,2.44,0.79,1.94,1.04,1.17,0.3,1.37
sardines_atlantic_canned,188.69,22.33,10.39,1.39,128.82,458.13,68.04,9.07,8.93,0.58,0.21,0.07,29.03,8.11,0.15,0.0,4.35,2.36,346.54,0.17,2.65,35.38,0.1,444.52,360.15,47.81,1.19,0.0,0.0,10.39,1.39,3.08,0.0,0.0,0.0,0.9,0.66,1.03,1.82,2.05,0.66,1.62,0.87,0.98,0.25,1.15
scallops_steamed,125.87,23.29,0.95,0.25,46.49,756.37,125.53,22.68,4.49,0.42,0.03,0.01,2.27,2.44,0.13,0.0,0.0,0.0,11.34,0.04,0.66,41.96,0.03,483.08,356.07,24.61,1.76,6.13,0.0,0.95,0.25,0.0,0.0,0.0,0.0,0.78,0.36,0.78,1.39,1.43,0.55,1.25,0.68,0.71,0.2,0.73
shrimp_large_steamed,134.94,25.83,1.93,0.59,239.27,1073.88,153.54,27.22,7.66,0.59,0.03,0.04,102.06,1.88,0.27,0.0,0.11,0.45,103.19,0.29,0.36,41.96,0.06,347.0,192.78,56.13,1.85,1.72,0.0,1.93,0.59,0.0,0.0,0.0,0.0,1.0,0.53,1.12,2.08,2.32,0.71,1.98,1.06,0.96,0.28,1.14
tuna_yellowfin_fillet_baked,147.42,33.06,0.67,0.23,53.3,61.23,88.0,2.27,30.94,0.38,0.16,0.15,24.95,2.66,1.18,0.0,2.27,0.11,4.54,0.05,1.04,47.63,0.01,377.62,597.61,122.7,0.51,0.0,0.0,0.67,0.23,3.86,0.0,0.0,0.0,1.28,0.93,1.46,2.57,2.91,0.94,2.31,1.24,1.39,0.35,1.63
barley_hulled_dry,217.12,7.65,1.41,0.3,0.0,7.36,23.65,11.65,4.95,0.17,0.17,0.4,0.67,0.0,0.2,0.0,0.0,1.35,20.24,0.31,2.21,81.57,1.19,161.92,277.23,23.12,1.7,45.07,10.61,1.41,0.3,26.99,0.0,1.27,8.16,0.32,0.17,0.28,0.52,0.29,0.15,0.65,0.43,0.26,0.13,0.38
brown_rice_long_grain_cooked,216.45,5.03,1.75,0.35,0.0,9.75,17.94,7.8,4.05,0.56,0.05,0.19,0.0,0.0,0.28,0.0,0.0,1.17,19.5,0.19,0.82,83.85,1.76,161.85,83.85,19.11,1.23,44.77,3.51,1.75,0.35,0.0,448.5,1.54,0.78,0.16999999999999998,0.13,0.21,0.42,0.19,0.11,0.45,0.26,0.19,0.06,0.29
buckwheat_groats_cooked,154.56,5.68,1.04,0.23,0.0,6.72,33.77,23.52,2.95,0.6,0.07,0.07,0.0,0.0,0.13,0.0,0.0,3.19,11.76,0.25,1.34,85.68,0.68,117.6,147.84,3.7,1.02,33.5,4.54,1.04,0.23,0.0,0.0,0.0,0.0,0.17,0.13,0.21,0.36,0.29,0.07,0.32,0.22,0.22,0.08,0.29
millet_cooked,207.06,6.11,1.74,0.3,0.0,3.48,19.49,33.06,3.42,0.3,0.14,0.18,0.26,0.0,0.19,0.0,0.0,0.52,5.22,0.28,1.1,76.56,0.47,174.0,107.88,1.57,1.58,41.19,2.26,1.74,0.3,0.0,0.0,0.0,0.0,0.24,0.13,0.26,0.78,0.12,0.12,0.51,0.32,0.2,0.07,0.32
oats_unprocessed_dry,151.71,6.59,2.69,0.47,0.0,0.78,6.63,21.84,1.9,0.53,0.05,0.3,0.0,0.0,0.05,0.0,0.0,0.0,21.06,0.24,1.84,69.03,1.92,203.97,167.31,0.0,1.55,25.85,4.13,2.69,0.47,28.86,49.14,7.8,5.38,0.28,0.16,0.27,0.5,0.27,0.12,0.57,0.35,0.22,0.09,0.37
quinoa_cooked,222.0,8.14,3.55,0.43,0.0,12.95,42.55,77.7,2.37,0.5,0.2,0.2,0.46,0.0,0.23,0.0,0.0,0.0,31.45,0.36,2.76,118.4,1.17,281.2,318.2,5.18,2.02,39.4,5.18,3.55,0.43,0.0,0.0,0.0,0.0,0.3,0.23,0.29,0.48,0.44,0.18,0.49,0.34,0.24,0.1,0.34
rye_whole_grain_dry,188.5,5.77,0.91,0.11,0.0,1.12,16.95,21.19,3.39,0.81,0.14,0.18,0.31,0.0,0.16,0.0,0.0,3.29,13.38,0.2,1.47,61.35,1.44,185.16,284.43,7.75,1.48,42.31,8.42,0.91,0.11,0.0,0.0,0.0,0.0,0.09,0.11,0.12,0.31,0.16,0.09,0.35,0.24,0.16,0.06,0.18
wheat_bulgar_cooked,151.06,5.61,0.44,0.08,0.0,9.1,12.56,32.76,3.28,0.63,0.05,0.1,0.18,0.0,0.15,0.0,0.0,0.91,18.2,0.14,1.75,58.24,1.11,72.8,123.76,1.09,1.04,33.82,8.19,0.44,0.08,0.0,0.0,0.0,0.0,0.22,0.13,0.21,0.38,0.15,0.09,0.42000000000000004,0.26,0.16,0.09,0.25
basil_chopped_fresh,4.88,0.67,0.14,0.01,0.0,0.85,2.42,14.42,0.33,0.04,0.02,0.01,55.91,0.0,0.03,3.82,0.0,87.94,37.52,0.08,0.67,13.57,0.24,11.87,62.54,0.06,0.17,0.56,0.34,0.14,0.01,0.0,0.0,0.0,0.0,0.02,0.01,0.02,0.04,0.02,0.01,0.05,0.03,0.02,0.01,0.03
black_pepper_whole_peppercorns,14.56,0.6,0.19,0.08,0.0,1.16,0.66,0.99,0.12,0.08,0.01,0.01,1.59,0.0,0.02,0.0,0.0,9.49,25.69,0.08,0.56,9.92,0.74,9.16,77.08,0.28,0.07,3.71,1.47,0.19,0.08,0.0,0.0,0.0,0.93,0.02,0.01,0.02,0.06,0.01,0.01,0.06,0.03,0.01,0.0,0.03
chili_peppers_hot_dried,15.23,0.73,0.77,0.13,0.0,88.56,3.59,1.51,0.69,0.05,0.05,0.01,80.05,0.0,0.11,0.04,0.0,5.71,17.82,0.05,0.93,8.05,0.09,16.2,105.3,1.1,0.23,2.68,1.88,0.77,0.13,0.0,0.0,0.0,0.0,0.02,0.01,0.02,0.03,0.02,0.01,0.03,0.02,0.01,0.0,0.03
cilantro_leaf_fresh,1.84,0.17,0.04,0.0,0.0,3.68,1.02,4.96,0.09,0.05,0.01,0.01,26.99,0.0,0.01,2.16,0.0,24.8,5.36,0.02,0.14,2.08,0.03,3.84,41.68,0.07,0.04,0.29,0.22,0.04,0.0,0.0,0.0,0.0,0.0,0.0,0.0,0.0,0.0,0.0,0.0,0.0,0.0,0.0,0.0,0.0
cinnamon_ground,12.84,0.21,0.06,0.02,0.0,0.52,0.57,0.31,0.11,0.02,0.0,0.0,0.77,0.0,0.01,0.2,0.0,1.62,52.1,0.02,0.43,3.12,0.91,3.33,22.41,0.16,0.1,4.19,2.76,0.06,0.02,0.0,0.0,0.0,0.0,0.0,0.01,0.01,0.01,0.01,0.0,0.02,0.01,0.01,0.0,0.01
cloves_ground,11.51,0.25,0.55,0.17,0.0,11.63,1.57,1.05,0.09,0.02,0.01,0.01,0.34,0.0,0.02,0.01,0.0,5.96,26.54,0.02,0.5,10.88,2.53,4.37,42.84,0.3,0.1,2.75,1.42,0.55,0.17,0.0,0.0,0.0,0.0,0.0,0.01,0.01,0.02,0.02,0.0,0.02,0.01,0.01,0.0,0.01
cumin_seeds,15.75,0.75,0.94,0.06,0.0,7.06,1.04,0.42,0.19,0.0,0.01,0.03,2.67,0.0,0.02,0.32,0.0,0.23,39.1,0.04,2.79,15.37,0.14,20.96,75.1,0.22,0.2,1.86,0.44,0.94,0.06,0.0,0.0,0.0,0.0,0.0,0.0,0.0,0.0,0.0,0.0,0.0,0.0,0.0,0.0,0.0
dill_sprig_fresh,1.91,0.15,0.05,0.0,0.0,2.71,0.0,6.67,0.08,0.02,0.01,0.0,17.17,0.0,0.01,3.78,0.0,0.0,9.26,0.01,0.29,2.45,0.06,2.94,32.84,0.0,0.04,0.31,0.09,0.05,0.0,0.0,0.0,0.0,0.0,0.0,0.0,0.01,0.01,0.01,0.0,0.0,0.0,0.0,0.0,0.01
ginger_slices_fresh,4.8,0.11,0.05,0.01,0.0,0.78,1.73,0.66,0.06,0.01,0.0,0.0,0.0,0.0,0.01,0.3,0.0,0.01,0.96,0.01,0.04,2.58,0.01,2.04,24.9,0.04,0.02,1.07,0.12,0.05,0.01,0.0,0.0,0.0,0.0,0.0,0.0,0.0,0.0,0.0,0.0,0.0,0.0,0.0,0.0,0.0
mustard_seeds_yellow_ground,20.32,1.04,1.45,0.08,0.0,0.52,4.91,6.48,0.35,0.03,0.01,0.03,0.06,0.0,0.02,0.28,0.0,0.22,10.64,0.03,0.37,14.8,0.1,33.12,29.52,8.32,0.24,1.12,0.49,1.45,0.08,0.0,0.0,0.0,0.0,0.05,0.03,0.04,0.08,0.07,0.02,0.07,0.04,0.03,0.01,0.06
oregano_leaf_dried,5.3,0.18,0.09,0.03,0.0,0.5,0.65,4.74,0.16,0.02,0.01,0.0,1.7,0.0,0.02,0.05,0.0,12.43,31.94,0.01,0.74,5.4,0.1,2.96,25.2,0.09,0.05,1.38,0.85,0.09,0.03,0.0,0.0,0.0,0.0,0.0,0.0,0.01,0.01,0.01,0.0,0.02,0.01,0.01,0.0,0.01
parsley_chopped_fresh,10.94,0.9,0.24,0.04,0.0,17.02,3.89,46.21,0.63,0.12,0.03,0.03,128.04,0.0,0.03,40.43,0.0,498.56,41.95,0.05,1.88,15.2,0.05,17.63,168.42,0.03,0.33,1.92,1.0,0.24,0.04,0.0,0.0,0.0,0.0,0.01,0.02,0.04,0.06,0.06,0.01,0.06,0.04,0.04,0.01,0.05
peppermint_leaves_fresh,5.32,0.28,0.07,0.02,0.0,2.36,0.0,8.66,0.2,0.03,0.02,0.01,16.14,0.0,0.01,2.42,0.0,0.0,18.47,0.03,0.39,6.08,0.09,5.55,43.24,0.0,0.08,1.13,0.61,0.07,0.02,0.0,0.0,0.0,0.0,0.0,0.01,0.01,0.02,0.01,0.0,0.02,0.01,0.01,0.0,0.01
rosemary_fresh,5.5,0.14,0.25,0.12,0.0,1.09,0.0,4.58,0.07,0.03,0.01,0.0,6.14,0.0,0.01,0.92,0.0,0.0,13.31,0.01,0.28,3.82,0.04,2.77,28.06,0.0,0.04,0.87,0.59,0.25,0.12,0.0,0.0,0.0,0.0,0.0,0.0,0.01,0.01,0.01,0.0,0.01,0.01,0.01,0.0,0.01
sage_dried,4.41,0.15,0.18,0.1,0.0,0.15,0.61,3.84,0.08,0.0,0.0,0.01,4.13,0.0,0.04,0.45,0.0,24.0,23.13,0.01,0.39,5.99,0.04,1.27,14.98,0.05,0.07,0.85,0.56,0.18,0.1,0.0,0.0,0.0,0.0,0.0,0.0,0.0,0.0,0.0,0.0,0.0,0.0,0.0,0.0,0.0
thyme_fresh,4.85,0.27,0.08,0.02,0.0,0.43,0.0,2.16,0.18,0.02,0.02,0.0,11.4,0.0,0.02,7.68,0.0,0.0,19.44,0.03,0.84,7.68,0.08,5.09,29.23,0.0,0.09,1.17,0.67,0.08,0.02,0.0,0.0,0.0,0.0,0.0,0.0,0.01,0.01,0.01,0.0,0.0,0.0,0.01,0.01,0.01
turmeric_ground,15.58,0.34,0.43,0.14,0.0,1.67,2.16,1.72,0.23,0.0,0.01,0.01,0.0,0.0,0.08,1.14,0.0,0.59,8.05,0.03,1.82,8.49,0.34,11.79,111.1,0.2,0.19,2.86,0.93,0.43,0.14,0.0,0.0,0.0,0.0,0.0,0.0,0.0,0.0,0.0,0.0,0.0,0.0,0.0,0.0,0.0
