,protein,carbohydrates,fat_total,dietary_fiber,calories,starch,total_sugars,monosaccharides,fructose,glucose,galactose,disaccharides,lactose,maltose,sucrose,soluble_fiber,insoluble_fiber,other_carbohydrates,monounsaturated_fat,polyunsaturated_fat,saturated_fat,trans_fat,calories_from_fat,calories_from_saturated_fat,calories_from_trans_fat,cholesterol,water,vitamin_b1,vitamin_b2,vitamin_b3,niacin,vitamin_b6,vitamin_b12,biotin,choline,folate,pantothenic_acid,vitamin_c,vitamin_a_international_units_iu,vitamin_a_mcg_retinol_activity_equivalents_rae,vitamin_a_mcg_retinol_equivalents_re,retinol_mcg_retinol_equivalents_re,carotenoid_mcg_retinol_equivalents_re,alpha_carotene,beta_carotene,beta_carotene_equivalents,cryptoxanthin,lutein_and_zeaxanthin,lycopene,vitamin_d_international_units_iu,vitamin_d_mcg,vitamin_e,vitamin_k,boron,calcium,chloride,chromium,copper,fluoride,iodine,iron,magnesium,manganese,molybdenum,phosphorus,potassium,selenium,sodium,zinc,omega_3_fatty_acids,omega_6_fatty_acids,14_1_myristoleic,16_1_palmitol,17_1_heptadecenoic,18_1_oleic,20_1_eicosenoic,22_1_erucic,24_1_nervonic,18_2_linoleic,18_2_conjugated_linoleic_cla,18_3_linolenic,18_4_stearidonic,20_3_eicosatrienoic,20_4_arachidonic,20_5_eicosapentaenoic_epa,22_5_docosapentaenoic_dpa,22_6_docosahexaenoic_dha,4_0_butyric,6_0_caproic,8_0_caprylic,10_0_capric,12_0_lauric,14_0_myristic,15_0_pentadecanoic,16_0_palmitic,17_0_margaric,18_0_stearic,20_0_arachidic,22_0_behenate,24_0_lignoceric,alanine,arginine,aspartic_acid,cysteine,glutamic_acid,glycine,histidine,isoleucine,leucine,lysine,methionine,phenylalanine,proline,serine,threonine,tryptophan,tyrosine,valine,ash,organic_acids_total,citric_acid,malic_acid,vitamin_a
asparagus_cooked,4.32,7.4,0.4,3.6,39.6,0.0,2.34,2.18,1.42,0.76,0.0,0.14,0.0,0.0,0.14,0.58,3.02,1.46,0.0,0.19,0.09,0.0,3.56,0.78,0.0,0.0,166.73,0.29,0.25,1.95,2.82,0.14,0.0,0.72,46.98,268.2,0.4,13.86,1810.8,90.54,181.08,0.0,181.08,0.0,1087.2,1087.2,0.0,1387.8,54.0,0.0,0.0,2.7,91.08,154.01,41.4,198.0,0.0,0.3,0.04,0.0,1.64,25.2,0.28,0.0,97.2,403.2,10.98,25.2,1.08,0.05,0.14,0.0,0.0,0.0,0.0,0.0,0.0,0.0,0.14,0.0,0.05,0.0,0.0,0.0,0.0,0.0,0.0,0.0,0.0,0.0,0.0,0.0,0.0,0.0,0.09,0.0,0.0,0.0,0.0,0.0,0.22,0.18,1.0,0.06,0.46,0.18,0.1,0.15,0.25,0.2,0.06,0.15,0.14,0.21,0.17,0.05,0.1,0.22,1.13,0.0,0.0,0.0,90.54
avocado_cubed_raw,3.0,12.8,21.99,10.05,240.0,0.0,0.99,0.89,0.18,0.56,0.15,0.09,0.0,0.0,0.09,0.0,0.0,1.75,14.7,2.72,3.19,0.0,197.91,28.7,0.0,0.0,109.84,0.1,0.19,2.61,3.23,0.39,0.0,5.4,21.3,121.5,2.08,15.0,219.0,10.95,21.9,0.0,21.9,36.0,93.0,132.0,42.0,406.5,0.0,0.0,0.0,3.11,31.5,1668.0,18.0,9.0,0.0,0.28,0.01,3.0,0.82,43.5,0.21,0.0,78.0,727.5,0.6,10.5,0.96,0.19,2.51,0.0,1.05,0.01,13.6,0.04,0.0,0.0,2.51,0.0,0.19,0.0,0.02,0.0,0.0,0.0,0.0,0.0,0.0,0.0,0.0,0.0,0.0,0.0,3.11,0.0,0.07,0.0,0.0,0.0,0.16,0.13,0.35,0.04,0.43,0.16,0.07,0.13,0.21,0.2,0.06,0.15,0.15,0.17,0.11,0.04,0.07,0.16,2.37,0.0,0.0,0.0,10.95
beet_greens_boiled,3.7,7.86,0.29,4.18,38.88,0.0,0.86,0.0,0.0,0.0,0.0,0.0,0.0,0.0,0.0,0.66,3.51,2.82,0.05,0.1,0.04,0.0,2.59,0.4,0.0,0.0,128.35,0.17,0.42,0.72,1.68,0.19,0.0,0.0,0.72,20.16,0.47,35.86,11021.76,551.09,1102.18,0.0,1102.18,5.76,6609.6,6612.48,0.0,2619.36,0.0,0.0,0.0,2.61,696.96,0.0,164.16,0.0,0.0,0.36,0.0,0.0,2.74,97.92,0.74,0.0,59.04,1308.96,1.3,347.04,0.72,0.01,0.09,0.0,0.0,0.0,0.05,0.0,0.0,0.0,0.09,0.0,0.01,0.0,0.0,0.0,0.0,0.0,0.0,0.0,0.0,0.0,0.0,0.0,0.0,0.0,0.04,0.0,0.0,0.0,0.0,0.0,0.14,0.11,0.22,0.03,0.45,0.14,0.06,0.08,0.17,0.11,0.03,0.1,0.09,0.12,0.11,0.06,0.09,0.11,3.8,0.0,0.0,0.0,551.09
beets_sliced_cooked,2.86,16.93,0.31,3.4,74.8,0.0,13.53,0.0,0.0,0.0,0.0,0.0,0.0,0.0,0.0,1.12,2.28,0.0,0.06,0.11,0.05,0.0,2.75,0.43,0.0,0.0,148.0,0.05,0.07,0.56,1.13,0.11,0.0,0.0,10.71,136.0,0.25,6.12,59.5,2.98,5.95,0.0,5.95,0.0,35.7,35.7,0.0,0.0,0.0,0.0,0.0,0.07,0.34,0.0,27.2,0.0,0.0,0.13,0.0,0.0,1.34,39.1,0.55,0.0,64.6,518.5,1.19,130.9,0.59,0.01,0.1,0.0,0.0,0.0,0.06,0.0,0.0,0.0,0.1,0.0,0.01,0.0,0.0,0.0,0.0,0.0,0.0,0.0,0.0,0.0,0.0,0.0,0.0,0.0,0.05,0.0,0.0,0.0,0.0,0.0,0.11,0.07,0.21,0.03,0.76,0.06,0.04,0.08,0.12,0.1,0.03,0.08,0.07,0.11,0.08,0.03,0.07,0.1,1.9,0.0,0.0,0.0,2.98
bell_peppers_sliced_red_raw,0.91,5.55,0.28,1.85,28.52,0.0,3.7,3.7,1.99,1.71,0.0,0.0,0.0,0.0,0.0,0.0,0.0,0.0,0.0,0.06,0.02,0.0,2.48,0.22,0.0,0.0,84.83,0.05,0.08,0.9,1.08,0.27,0.0,0.0,5.15,42.32,0.29,117.48,2880.52,144.03,288.05,0.0,288.05,18.4,1494.08,1728.68,450.8,46.92,0.0,0.0,0.0,1.45,4.51,0.0,6.44,22.08,0.0,0.02,0.0,0.92,0.4,11.04,0.1,4.6,23.92,194.12,0.09,3.68,0.23,0.02,0.04,0.0,0.0,0.0,0.0,0.0,0.0,0.0,0.04,0.0,0.02,0.0,0.0,0.0,0.0,0.0,0.0,0.0,0.0,0.0,0.0,0.0,0.0,0.0,0.02,0.0,0.0,0.0,0.0,0.0,0.02,0.03,0.26,0.02,0.19,0.03,0.02,0.02,0.03,0.03,0.01,0.05,0.02,0.05,0.04,0.01,0.01,0.03,0.43,0.0,0.0,0.0,144.03
bok_choy_cooked,2.65,3.03,0.27,1.65,20.4,0.0,1.37,0.0,0.0,0.0,0.0,0.0,0.0,0.0,0.0,0.0,0.0,0.0,0.02,0.13,0.04,0.0,2.45,0.32,0.0,0.0,162.44,0.05,0.11,0.73,1.15,0.28,0.0,0.0,20.57,69.7,0.13,44.2,7223.3,361.16,722.33,0.0,722.33,1.7,4333.3,4334.15,0.0,64.6,0.0,0.0,0.0,0.15,57.8,0.0,158.1,30.6,0.0,0.03,0.0,0.0,1.77,18.7,0.24,0.0,49.3,630.7,0.68,57.8,0.29,0.07,0.05,0.0,0.0,0.0,0.02,0.0,0.0,0.0,0.05,0.0,0.07,0.0,0.0,0.0,0.0,0.0,0.0,0.0,0.0,0.0,0.0,0.0,0.0,0.0,0.03,0.0,0.0,0.0,0.0,0.0,0.15,0.15,0.19,0.03,0.64,0.08,0.05,0.15,0.15,0.16,0.02,0.08,0.05,0.08,0.09,0.03,0.05,0.12,1.61,0.0,0.0,0.0,361.16
broccoli_chopped_cooked,3.71,11.2,0.64,5.15,54.6,0.0,2.17,1.92,1.15,0.76,0.0,0.12,0.0,0.0,0.12,0.59,4.56,3.88,0.06,0.27,0.12,0.0,5.76,1.11,0.0,0.0,139.23,0.1,0.19,0.86,1.7,0.31,0.0,0.0,62.56,168.48,0.96,101.24,2414.88,120.74,241.49,0.0,241.49,0.0,1449.24,1449.24,0.0,1684.8,0.0,0.0,0.0,2.26,220.12,385.51,62.4,35.88,18.55,0.1,0.01,3.12,1.05,32.76,0.3,0.0,104.52,457.08,2.5,63.96,0.7,0.19,0.08,0.0,0.01,0.0,0.05,0.0,0.0,0.0,0.08,0.0,0.19,0.0,0.0,0.0,0.0,0.0,0.0,0.0,0.0,0.0,0.0,0.0,0.0,0.0,0.09,0.0,0.02,0.01,0.01,0.0,0.17,0.3,0.49,0.05,0.81,0.15,0.09,0.14,0.22,0.23,0.06,0.17,0.16,0.19,0.14,0.05,0.09,0.2,1.2,0.0,0.0,0.0,120.74
brussels_sprouts_cooked,3.98,11.08,0.78,4.06,56.16,0.0,2.71,0.0,0.0,0.0,0.0,0.0,0.0,0.0,0.0,1.87,2.18,4.31,0.06,0.4,0.16,0.0,7.02,1.43,0.0,0.0,138.68,0.17,0.12,0.95,1.67,0.28,0.0,0.0,63.34,93.6,0.39,96.72,1209.0,60.45,120.9,0.0,120.9,0.0,725.4,725.4,0.0,2012.4,0.0,0.0,0.0,0.67,218.87,0.0,56.16,0.0,0.0,0.13,0.0,0.0,1.87,31.2,0.35,0.0,87.36,494.52,2.34,32.76,0.51,0.27,0.13,0.0,0.01,0.0,0.05,0.0,0.0,0.0,0.12,0.0,0.27,0.0,0.0,0.0,0.0,0.0,0.0,0.0,0.0,0.0,0.0,0.0,0.0,0.0,0.15,0.0,0.01,0.0,0.0,0.0,0.0,0.24,0.0,0.02,0.0,0.0,0.09,0.16,0.18,0.18,0.04,0.12,0.0,0.0,0.14,0.04,0.0,0.18,1.48,0.0,0.0,0.0,60.45
cabbage_red_cooked,2.27,10.41,0.14,3.9,43.5,0.0,4.98,3.92,1.79,2.12,0.0,1.06,0.0,0.0,1.06,0.0,0.0,1.53,0.01,0.06,0.02,0.0,1.22,0.15,0.0,0.0,136.26,0.11,0.09,0.57,0.9,0.34,0.0,0.15,32.1,36.0,0.23,51.6,49.5,2.47,4.95,0.0,4.95,0.0,30.0,30.0,0.0,30.0,0.0,0.0,0.0,0.18,71.4,160.5,63.0,0.0,0.0,0.08,0.0,3.0,0.99,25.5,0.33,0.0,49.5,393.0,3.45,42.0,0.37,0.04,0.03,0.0,0.0,0.0,0.01,0.0,0.0,0.0,0.03,0.0,0.04,0.0,0.0,0.0,0.0,0.0,0.0,0.0,0.0,0.0,0.0,0.0,0.0,0.0,0.01,0.0,0.0,0.0,0.0,0.0,0.07,0.13,0.22,0.02,0.52,0.05,0.04,0.05,0.07,0.08,0.02,0.06,0.08,0.09,0.06,0.02,0.03,0.07,0.93,0.0,0.0,0.0,2.47
carrots_sliced_raw,1.13,11.69,0.29,3.42,50.02,0.0,5.78,1.39,0.67,0.72,0.0,4.38,0.0,0.0,4.38,1.43,1.98,2.49,0.02,0.14,0.05,0.0,2.64,0.41,0.0,0.0,107.71,0.08,0.07,1.2,1.33,0.17,0.0,6.1,10.74,23.18,0.33,7.2,20381.32,1019.07,2038.13,0.0,2038.13,4241.94,10107.7,12228.67,0.0,312.32,1.22,0.0,0.0,0.81,16.1,315.16,40.26,0.0,0.49,0.05,0.0,0.0,0.37,14.64,0.17,6.1,42.7,390.4,0.12,84.18,0.29,0.0,0.14,0.0,0.0,0.0,0.01,0.0,0.0,0.0,0.14,0.0,0.0,0.0,0.0,0.0,0.0,0.0,0.0,0.0,0.0,0.0,0.0,0.0,0.0,0.0,0.04,0.0,0.0,0.0,0.0,0.0,0.07,0.06,0.13,0.05,0.24,0.03,0.03,0.05,0.07,0.07,0.01,0.04,0.04,0.04,0.13,0.01,0.03,0.05,1.18,0.0,0.0,0.0,1019.07
cauliflower_cooked,2.28,5.1,0.56,2.68,28.52,0.0,2.42,0.0,0.0,0.0,0.0,0.0,0.0,0.0,0.0,0.85,1.82,0.0,0.04,0.27,0.09,0.0,5.02,0.78,0.0,0.0,115.32,0.05,0.06,0.51,1.0,0.21,0.0,1.61,48.48,54.56,0.63,54.93,14.88,0.74,1.49,0.0,1.49,0.0,8.68,8.68,0.0,35.96,0.0,0.0,0.0,0.09,17.11,158.36,19.84,0.0,0.0,0.02,0.0,0.0,0.4,11.16,0.16,0.0,39.68,176.08,0.74,18.6,0.21,0.21,0.06,0.0,0.0,0.0,0.04,0.0,0.0,0.0,0.06,0.0,0.21,0.0,0.0,0.0,0.0,0.0,0.0,0.0,0.0,0.0,0.0,0.0,0.0,0.0,0.08,0.0,0.01,0.0,0.0,0.0,0.12,0.11,0.27,0.03,0.3,0.07,0.05,0.09,0.13,0.12,0.03,0.08,0.1,0.12,0.08,0.03,0.05,0.11,0.74,0.0,0.0,0.0,0.74
celery_diced_raw,0.7,3.0,0.17,1.4,16.16,0.0,1.6,1.5,0.44,0.48,0.58,0.1,0.0,0.0,0.1,0.0,0.0,0.0,0.03,0.08,0.04,0.0,1.55,0.38,0.0,0.0,96.38,0.02,0.06,0.32,0.47,0.07,0.0,0.1,6.16,36.36,0.25,3.13,453.49,22.67,45.35,0.0,45.35,0.0,272.7,272.7,0.0,285.83,0.0,0.0,0.0,0.27,29.59,221.08,40.4,0.0,0.3,0.04,0.0,0.0,0.2,11.11,0.1,5.05,24.24,262.6,0.4,80.8,0.13,0.0,0.08,0.0,0.0,0.0,0.03,0.0,0.0,0.0,0.08,0.0,0.0,0.0,0.0,0.0,0.0,0.0,0.0,0.0,0.0,0.0,0.0,0.0,0.0,0.0,0.04,0.0,0.0,0.0,0.0,0.0,0.02,0.02,0.12,0.0,0.09,0.02,0.01,0.02,0.03,0.03,0.01,0.02,0.02,0.02,0.02,0.01,0.01,0.03,0.76,0.0,0.0,0.0,22.67
collard_greens_chopped_cooked,5.15,10.73,1.37,7.6,62.7,0.0,0.76,0.0,0.0,0.0,0.0,0.0,0.0,0.0,0.0,3.42,4.18,2.37,0.05,0.33,0.09,0.0,12.31,0.8,0.0,0.0,171.34,0.08,0.2,1.09,1.95,0.24,0.0,0.0,72.96,30.4,0.41,34.58,14440.0,722.0,1444.0,0.0,1444.0,129.2,8574.7,9251.1,49.4,11774.3,0.0,0.0,0.0,1.67,772.54,283.99,267.9,0.0,0.0,0.1,0.0,0.0,2.15,39.9,0.97,0.0,60.8,222.3,0.95,28.5,0.44,0.18,0.14,0.0,0.0,0.0,0.05,0.0,0.0,0.0,0.13,0.0,0.18,0.0,0.0,0.0,0.0,0.0,0.0,0.0,0.0,0.0,0.0,0.0,0.0,0.0,0.07,0.0,0.0,0.0,0.0,0.0,0.17,0.21,0.31,0.04,0.33,0.15,0.08,0.16,0.25,0.19,0.05,0.14,0.17,0.13,0.14,0.05,0.11,0.2,1.39,0.0,0.0,0.0,722.0
corn_yellow_cooked,2.63,16.15,1.16,1.85,73.92,0.0,3.5,1.26,0.61,0.65,0.0,2.24,0.0,0.13,2.11,0.07,1.78,10.81,0.29,0.46,0.15,0.0,10.4,1.37,0.0,0.0,56.53,0.07,0.04,1.3,1.59,0.11,0.0,0.0,22.41,17.71,0.61,4.24,202.51,10.13,20.25,0.0,20.25,17.71,50.82,121.66,123.97,697.62,0.0,0.0,0.0,0.07,0.31,37.56,2.31,0.0,0.0,0.04,0.0,0.0,0.35,20.02,0.13,0.0,59.29,167.86,0.15,0.77,0.48,0.01,0.45,0.0,0.0,0.0,0.29,0.0,0.0,0.0,0.45,0.0,0.01,0.0,0.0,0.0,0.0,0.0,0.0,0.0,0.0,0.0,0.0,0.0,0.0,0.0,0.14,0.0,0.01,0.0,0.0,0.0,0.23,0.1,0.19,0.02,0.5,0.1,0.07,0.1,0.28,0.11,0.05,0.12,0.23,0.12,0.1,0.02,0.1,0.15,0.55,0.0,0.0,0.0,10.13
cucumber_sliced_raw,0.68,3.78,0.11,0.52,15.6,0.0,1.74,1.7,0.9,0.79,0.0,0.04,0.0,0.01,0.03,0.06,0.46,1.52,0.01,0.03,0.04,0.0,1.03,0.35,0.0,0.0,99.04,0.03,0.03,0.1,0.19,0.04,0.0,0.94,6.24,7.28,0.27,2.91,109.2,5.46,10.92,0.0,10.92,11.44,46.8,66.04,27.04,23.92,0.0,0.0,0.0,0.03,17.06,0.0,16.64,0.0,0.0,0.04,0.0,0.0,0.29,13.52,0.08,5.2,24.96,152.88,0.31,2.08,0.21,0.01,0.03,0.0,0.0,0.0,0.01,0.0,0.0,0.0,0.03,0.0,0.01,0.0,0.0,0.0,0.0,0.0,0.0,0.0,0.0,0.0,0.0,0.0,0.01,0.0,0.03,0.0,0.01,0.0,0.0,0.0,0.02,0.05,0.04,0.0,0.2,0.02,0.01,0.02,0.03,0.03,0.01,0.02,0.02,0.02,0.02,0.01,0.01,0.02,0.4,0.0,0.0,0.0,5.46
eggplant_cubed_cooked,0.82,8.64,0.23,2.47,34.65,0.0,3.17,0.0,0.0,0.0,0.0,0.0,0.0,0.0,0.0,0.4,2.08,3.0,0.02,0.09,0.04,0.0,2.05,0.39,0.0,0.0,88.77,0.08,0.02,0.59,0.73,0.09,0.0,0.0,9.31,13.86,0.07,1.29,36.63,1.83,3.66,0.0,3.66,0.0,21.78,21.78,0.0,0.0,0.0,0.0,0.0,0.41,2.87,0.0,5.94,0.0,0.0,0.06,0.0,0.0,0.25,10.89,0.11,0.0,14.85,121.77,0.1,0.99,0.12,0.01,0.08,0.0,0.0,0.0,0.02,0.0,0.0,0.0,0.08,0.0,0.01,0.0,0.0,0.0,0.0,0.0,0.0,0.0,0.0,0.0,0.0,0.0,0.0,0.0,0.03,0.0,0.01,0.0,0.0,0.0,0.04,0.05,0.13,0.0,0.15,0.03,0.02,0.04,0.05,0.04,0.01,0.03,0.03,0.03,0.03,0.01,0.02,0.04,0.53,0.0,0.0,0.0,1.83
fennel_sliced_raw,1.08,6.35,0.17,2.7,26.97,0.0,0.0,0.0,0.0,0.0,0.0,0.0,0.0,0.0,0.0,0.0,0.0,0.0,0.0,0.0,0.0,0.0,1.57,0.0,0.0,0.0,78.48,0.01,0.03,0.56,0.56,0.04,0.0,0.0,0.0,23.49,0.2,10.44,116.58,5.83,11.66,0.0,11.66,0.0,0.0,69.95,0.0,0.0,0.0,0.0,0.0,0.0,0.0,0.0,42.63,0.0,0.0,0.06,0.0,0.0,0.64,14.79,0.17,4.35,43.5,360.18,0.61,45.24,0.17,0.0,0.0,0.0,0.0,0.0,0.0,0.0,0.0,0.0,0.0,0.0,0.0,0.0,0.0,0.0,0.0,0.0,0.0,0.0,0.0,0.0,0.0,0.0,0.0,0.0,0.0,0.0,0.0,0.0,0.0,0.0,0.0,0.0,0.0,0.0,0.0,0.0,0.0,0.0,0.0,0.0,0.0,0.0,0.0,0.0,0.0,0.0,0.0,0.0,0.91,0.0,0.0,0.0,5.83
garlic_raw,1.14,5.95,0.09,0.38,26.82,0.0,0.18,0.0,0.0,0.0,0.0,0.0,0.0,0.0,0.0,0.0,0.0,5.39,0.0,0.04,0.02,0.0,0.81,0.14,0.0,0.0,10.54,0.04,0.02,0.13,0.32,0.22,0.0,0.0,4.18,0.54,0.11,5.62,1.62,0.08,0.16,0.0,0.16,0.0,0.9,0.9,0.0,2.88,0.0,0.0,0.0,0.01,0.31,0.0,32.58,0.0,0.0,0.05,0.0,0.0,0.31,4.5,0.3,0.0,27.54,72.18,2.56,3.06,0.21,0.0,0.04,0.0,0.0,0.0,0.0,0.0,0.0,0.0,0.04,0.0,0.0,0.0,0.0,0.0,0.0,0.0,0.0,0.0,0.0,0.0,0.0,0.0,0.0,0.0,0.02,0.0,0.0,0.0,0.0,0.0,0.02,0.11,0.09,0.01,0.14,0.04,0.02,0.04,0.06,0.05,0.01,0.03,0.02,0.03,0.03,0.01,0.01,0.05,0.27,0.0,0.0,0.0,0.08
green_beans_cooked,2.36,9.85,0.35,4.0,43.75,0.0,1.94,0.0,0.0,0.0,0.0,0.0,0.0,0.0,0.0,1.62,2.37,3.91,0.01,0.18,0.08,0.0,3.15,0.7,0.0,0.0,111.52,0.09,0.12,0.77,1.18,0.07,0.0,1.0,21.13,41.25,0.09,12.13,875.0,43.75,87.5,0.0,87.5,0.0,525.0,525.0,0.0,886.25,0.0,0.0,0.0,0.56,20.0,0.0,55.0,13.75,2.04,0.07,0.0,0.0,0.81,22.5,0.36,0.0,36.25,182.5,0.25,1.25,0.31,0.11,0.07,0.0,0.0,0.0,0.01,0.0,0.0,0.0,0.07,0.0,0.11,0.0,0.0,0.0,0.0,0.0,0.0,0.0,0.0,0.0,0.0,0.0,0.0,0.0,0.07,0.0,0.01,0.0,0.0,0.0,0.11,0.1,0.33,0.02,0.24,0.08,0.04,0.09,0.14,0.11,0.03,0.09,0.09,0.13,0.1,0.02,0.05,0.12,0.91,0.0,0.0,0.0,43.75
green_peas_cooked,7.38,21.53,0.3,7.58,115.71,0.0,8.17,0.74,0.56,0.18,0.0,7.43,0.0,0.25,7.18,2.07,5.51,5.79,0.03,0.14,0.05,0.0,2.73,0.48,0.0,0.0,107.27,0.36,0.21,2.78,3.63,0.3,0.0,0.55,40.91,86.78,0.21,19.56,1103.38,55.17,110.34,0.0,110.34,30.3,647.42,662.58,0.0,3571.86,0.0,0.0,0.0,0.19,35.68,0.0,37.19,11.02,0.69,0.24,0.0,2.75,2.12,53.72,0.72,6.89,161.17,373.3,2.62,4.13,1.64,0.03,0.11,0.0,0.0,0.0,0.03,0.0,0.0,0.0,0.11,0.0,0.03,0.0,0.0,0.0,0.0,0.0,0.0,0.0,0.0,0.0,0.0,0.0,0.0,0.0,0.05,0.0,0.01,0.0,0.0,0.0,0.33,0.58,0.67,0.04,1.01,0.25,0.14,0.27,0.44,0.43,0.11,0.27,0.24,0.25,0.28,0.05,0.15,0.32,1.27,0.0,0.0,0.0,55.17
kale_cooked,2.47,7.32,0.52,2.6,36.4,0.0,1.62,0.0,0.0,0.0,0.0,0.0,0.0,0.0,0.0,1.17,1.43,3.09,0.04,0.25,0.07,0.0,4.68,0.61,0.0,0.0,118.56,0.07,0.09,0.65,1.15,0.18,0.0,0.0,0.52,16.9,0.06,53.3,17707.3,885.36,1770.73,0.0,1770.73,0.0,10624.9,10624.9,0.0,23719.8,0.0,0.0,0.0,1.11,1062.1,0.0,93.6,0.0,0.0,0.2,0.0,0.0,1.17,23.4,0.54,0.0,36.4,296.4,1.17,29.9,0.31,0.13,0.1,0.0,0.0,0.0,0.04,0.0,0.0,0.0,0.1,0.0,0.13,0.0,0.0,0.0,0.0,0.0,0.0,0.0,0.0,0.0,0.0,0.0,0.0,0.0,0.06,0.0,0.0,0.0,0.0,0.0,0.12,0.14,0.22,0.03,0.28,0.12,0.05,0.15,0.17,0.15,0.02,0.13,0.15,0.1,0.11,0.03,0.09,0.14,1.13,0.0,0.0,0.0,885.36
leeks_cooked,0.84,7.92,0.21,1.04,32.24,0.0,2.19,0.0,0.0,0.0,0.0,0.0,0.0,0.0,0.0,0.47,0.57,4.69,0.0,0.12,0.03,0.0,1.87,0.25,0.0,0.0,94.43,0.03,0.02,0.21,0.31,0.12,0.0,0.0,0.0,24.96,0.07,4.37,844.48,42.22,84.45,0.0,84.45,0.0,506.48,506.48,0.0,962.0,0.0,0.0,0.0,0.52,26.42,0.0,31.2,0.0,0.0,0.06,0.0,0.0,1.14,14.56,0.26,0.0,17.68,90.48,0.52,10.4,0.06,0.07,0.05,0.0,0.0,0.0,0.0,0.0,0.0,0.0,0.05,0.0,0.07,0.0,0.0,0.0,0.0,0.0,0.0,0.0,0.0,0.0,0.0,0.0,0.0,0.0,0.03,0.0,0.0,0.0,0.0,0.0,0.04,0.04,0.08,0.01,0.13,0.04,0.01,0.03,0.05,0.04,0.01,0.03,0.04,0.05,0.04,0.01,0.02,0.03,0.59,0.0,0.0,0.0,42.22
mushrooms_crimini_raw,1.8,3.1,0.07,0.43,15.84,0.0,1.24,0.0,0.0,0.0,0.0,0.0,0.0,0.0,0.0,0.0,0.0,1.43,0.0,0.03,0.01,0.0,0.65,0.09,0.0,0.0,66.33,0.07,0.35,2.74,3.41,0.08,0.07,0.0,15.91,18.0,1.08,0.0,0.0,0.0,0.0,0.0,0.0,0.0,0.0,0.0,0.0,0.0,0.0,2.16,0.07,0.01,0.0,0.0,12.96,0.0,0.0,0.36,0.0,0.0,0.29,6.48,0.1,0.0,86.4,322.56,18.72,4.32,0.79,0.0,0.03,0.0,0.0,0.0,0.0,0.0,0.0,0.0,0.03,0.0,0.0,0.0,0.0,0.0,0.0,0.0,0.0,0.0,0.0,0.0,0.0,0.0,0.0,0.0,0.01,0.0,0.0,0.0,0.0,0.0,0.13,0.09,0.16,0.0,0.31,0.08,0.05,0.07,0.11,0.18,0.03,0.07,0.13,0.08,0.08,0.04,0.04,0.08,0.71,0.0,0.0,0.0,0.0
mushrooms_shiitake_cooked,1.13,10.43,0.16,1.52,40.6,0.0,2.78,0.0,0.0,0.0,0.0,0.0,0.0,0.0,0.0,0.0,0.0,6.13,0.05,0.02,0.04,0.0,1.44,0.33,0.0,0.0,60.52,0.03,0.12,1.09,1.14,0.12,0.0,0.0,26.68,15.22,2.61,0.22,0.0,0.0,0.0,0.0,0.0,0.0,0.0,0.0,0.0,0.0,0.0,20.3,0.51,0.0,0.0,0.0,2.17,0.0,0.0,0.65,0.0,0.0,0.32,10.15,0.15,0.0,21.02,84.82,17.98,2.9,0.96,0.0,0.02,0.0,0.01,0.0,0.02,0.0,0.01,0.0,0.02,0.0,0.0,0.0,0.0,0.0,0.0,0.0,0.0,0.0,0.0,0.0,0.0,0.0,0.0,0.0,0.02,0.0,0.01,0.0,0.0,0.0,0.06,0.06,0.08,0.02,0.26,0.04,0.02,0.04,0.07,0.03,0.02,0.05,0.04,0.05,0.05,0.0,0.03,0.05,0.25,0.0,0.0,0.0,0.0
mustard_greens_cooked,3.58,6.31,0.66,2.8,36.4,0.0,1.97,0.0,0.0,0.0,0.0,0.0,0.0,0.0,0.0,1.4,1.4,1.54,0.15,0.06,0.02,0.0,5.92,0.15,0.0,0.0,128.49,0.06,0.09,0.61,0.61,0.14,0.0,0.0,0.56,12.6,0.17,35.42,17318.0,865.9,1731.8,0.0,1731.8,12.6,10360.0,5311.6,49.0,14560.0,0.0,0.0,0.0,2.49,829.78,0.0,165.2,0.0,0.0,0.2,0.0,0.0,1.22,18.2,0.38,0.0,58.8,226.8,0.84,12.6,0.31,0.03,0.03,0.0,0.0,0.0,0.02,0.03,0.1,0.0,0.03,0.0,0.03,0.0,0.0,0.0,0.0,0.0,0.0,0.0,0.0,0.0,0.0,0.0,0.0,0.0,0.01,0.0,0.0,0.0,0.0,0.0,0.0,0.23,0.0,0.05,0.0,0.0,0.06,0.11,0.1,0.14,0.03,0.08,0.0,0.0,0.08,0.03,0.17,0.12,0.97,0.0,0.0,0.0,865.9
olive_oil_cold_pressed_extra_virgin,0.0,0.0,13.5,0.0,119.34,0.0,0.0,0.0,0.0,0.0,0.0,0.0,0.0,0.0,0.0,0.0,0.0,0.0,9.85,1.42,1.86,0.0,119.34,16.78,0.0,0.0,0.0,0.0,0.0,0.0,0.0,0.0,0.0,0.0,0.04,0.0,0.0,0.0,0.0,0.0,0.0,0.0,0.0,0.0,0.0,0.0,0.0,0.0,0.0,0.0,0.0,1.94,8.13,0.0,0.13,0.0,0.0,0.0,0.0,0.0,0.08,0.0,0.0,0.0,0.0,0.13,0.0,0.27,0.0,0.1,1.32,0.0,0.17,0.02,9.62,0.04,0.0,0.0,1.32,0.0,0.1,0.0,0.0,0.0,0.0,0.0,0.0,0.0,0.0,0.0,0.0,0.0,0.0,0.0,1.52,0.0,0.26,0.06,0.02,0.0,0.0,0.0,0.0,0.0,0.0,0.0,0.0,0.0,0.0,0.0,0.0,0.0,0.0,0.0,0.0,0.0,0.0,0.0,0.0,0.0,0.0,0.0,0.0
olives_black_canned,1.13,8.41,14.35,4.3,154.56,0.0,0.0,0.0,0.0,0.0,0.0,0.0,0.0,0.0,0.0,0.22,4.09,4.11,10.6,1.22,1.9,0.0,129.19,17.12,0.0,0.0,107.51,0.0,0.0,0.05,0.05,0.01,0.0,0.0,13.84,0.0,0.02,1.21,541.63,27.08,54.16,0.0,54.16,0.0,318.53,324.58,12.1,685.44,0.0,0.0,0.0,2.22,1.88,0.0,118.27,0.0,0.0,0.34,0.0,0.0,4.44,5.38,0.03,0.0,4.03,10.75,1.21,987.84,0.3,0.09,1.14,0.0,0.12,0.0,10.44,0.04,0.0,0.0,1.14,0.0,0.09,0.0,0.0,0.0,0.0,0.0,0.0,0.0,0.0,0.0,0.0,0.0,0.0,0.0,1.58,0.0,0.32,0.0,0.0,0.0,0.06,0.09,0.12,0.0,0.12,0.07,0.03,0.04,0.07,0.04,0.02,0.04,0.05,0.04,0.03,0.0,0.03,0.05,3.0,0.0,0.0,0.0,27.08
onions_chopped_cooked,2.86,21.31,0.4,2.94,92.4,0.0,9.93,7.62,3.02,4.6,0.0,2.31,0.0,0.0,2.31,1.05,1.89,8.44,0.06,0.15,0.07,0.0,3.59,0.59,0.0,0.0,184.51,0.09,0.05,0.35,1.05,0.27,0.0,7.98,14.28,31.5,0.24,10.92,4.2,0.21,0.42,0.0,0.42,0.0,2.1,2.1,0.0,8.4,0.0,0.0,0.0,0.04,1.05,0.0,46.2,12.6,0.0,0.14,0.0,4.2,0.5,23.1,0.32,0.0,73.5,348.6,1.26,6.3,0.44,0.01,0.15,0.0,0.0,0.0,0.06,0.0,0.0,0.0,0.15,0.0,0.01,0.0,0.0,0.0,0.0,0.0,0.0,0.0,0.0,0.0,0.0,0.0,0.0,0.0,0.06,0.0,0.0,0.0,0.0,0.0,0.08,0.38,0.16,0.05,0.46,0.12,0.05,0.1,0.1,0.14,0.02,0.07,0.09,0.08,0.07,0.04,0.07,0.07,0.92,0.0,0.0,0.0,0.21
potatoes_baked,4.32,36.59,0.22,3.81,160.89,29.88,2.04,1.35,0.59,0.76,0.0,0.69,0.0,0.0,0.69,0.95,2.85,30.74,0.01,0.1,0.06,0.0,2.02,0.54,0.0,0.0,129.56,0.11,0.08,2.44,3.16,0.54,0.0,0.0,25.6,48.44,0.65,16.61,17.3,0.86,1.73,0.0,1.73,0.0,10.38,10.38,0.0,51.9,0.0,0.0,0.0,0.07,3.46,215.82,25.95,0.0,0.0,0.2,0.0,0.0,1.87,48.44,0.38,0.0,121.1,925.55,0.69,17.3,0.62,0.02,0.07,0.0,0.0,0.0,0.0,0.0,0.0,0.0,0.07,0.0,0.02,0.0,0.0,0.0,0.0,0.0,0.0,0.0,0.0,0.0,0.0,0.01,0.0,0.0,0.04,0.0,0.01,0.0,0.0,0.0,0.13,0.21,1.01,0.05,0.74,0.12,0.07,0.14,0.21,0.22,0.07,0.17,0.13,0.16,0.14,0.04,0.1,0.22,2.3,0.94,0.8,0.14,0.86
romaine_lettuce_raw,1.16,3.09,0.28,1.97,15.98,0.0,1.12,1.12,0.75,0.37,0.0,0.0,0.0,0.0,0.0,0.0,0.0,0.0,0.01,0.15,0.04,0.0,2.54,0.33,0.0,0.0,88.93,0.07,0.06,0.29,0.45,0.07,0.0,1.79,9.31,127.84,0.13,3.76,8187.4,409.37,818.74,0.0,818.74,0.0,4912.44,4912.44,0.0,2173.28,0.0,0.0,0.0,0.12,96.35,78.72,31.02,53.58,1.25,0.05,0.0,3.1,0.91,13.16,0.15,5.64,28.2,232.18,0.38,7.52,0.22,0.11,0.04,0.0,0.0,0.0,0.01,0.0,0.0,0.0,0.04,0.0,0.11,0.0,0.0,0.0,0.0,0.0,0.0,0.0,0.0,0.0,0.0,0.0,0.0,0.0,0.03,0.0,0.0,0.0,0.0,0.0,0.05,0.05,0.13,0.01,0.17,0.05,0.02,0.04,0.07,0.06,0.01,0.06,0.04,0.05,0.04,0.01,0.02,0.05,0.55,0.0,0.0,0.0,409.37
sea_vegetables_dulse_dried,1.81,1.18,0.09,0.09,10.85,0.0,0.02,0.0,0.0,0.0,0.0,0.0,0.0,0.0,0.0,0.0,0.0,0.0,0.01,0.03,0.02,0.0,0.79,0.17,0.0,0.0,0.33,0.03,0.14,0.46,0.68,0.05,0.0,0.0,0.0,45.6,0.16,12.16,0.0,81.05,0.0,0.0,0.0,0.0,972.85,0.0,0.0,0.0,0.0,0.0,0.0,0.0,0.0,0.0,21.82,0.0,0.0,0.08,0.0,750.0,0.56,0.62,0.31,0.0,18.05,110.96,0.0,14.96,0.33,0.0,0.0,0.0,0.0,0.0,0.0,0.0,0.0,0.0,0.0,0.0,0.0,0.0,0.0,0.0,0.02,0.0,0.0,0.0,0.0,0.0,0.0,0.0,0.0,0.0,0.02,0.0,0.0,0.0,0.0,0.0,0.2,0.09,0.18,0.03,0.17,0.11,0.04,0.08,0.16,0.07,0.05,0.09,0.08,0.09,0.07,0.01,0.08,0.13,1.59,0.0,0.0,0.0,81.05
spinach_cooked,5.35,6.75,0.47,4.32,41.4,0.0,0.77,0.0,0.0,0.0,0.0,0.0,0.0,0.0,0.0,1.3,3.02,1.66,0.01,0.2,0.08,0.0,4.21,0.7,0.0,0.0,164.18,0.17,0.42,0.88,2.08,0.44,0.0,0.18,35.46,262.8,0.26,17.64,18865.8,943.29,1886.58,0.0,1886.58,0.0,11318.4,11318.4,0.0,20354.4,0.0,0.0,0.0,3.74,888.48,221.99,244.8,100.8,0.0,0.31,0.07,3.6,6.43,156.6,1.68,0.0,100.8,838.8,2.7,126.0,1.37,0.17,0.03,0.0,0.01,0.0,0.01,0.0,0.0,0.0,0.03,0.0,0.17,0.0,0.0,0.0,0.0,0.0,0.0,0.0,0.0,0.0,0.0,0.0,0.01,0.0,0.06,0.0,0.01,0.0,0.0,0.0,0.26,0.3,0.45,0.06,0.64,0.25,0.12,0.27,0.42,0.33,0.1,0.24,0.21,0.19,0.23,0.07,0.2,0.3,3.26,0.0,0.0,0.0,943.29
summer_squash_sliced_cooked,1.64,7.76,0.56,2.52,36.0,0.0,4.66,0.0,0.0,0.0,0.0,0.0,0.0,0.0,0.0,0.94,1.58,0.58,0.04,0.24,0.12,0.0,5.02,1.04,0.0,0.0,168.66,0.08,0.07,0.92,1.16,0.12,0.0,0.0,14.22,36.0,0.25,9.9,381.6,19.08,38.16,0.0,38.16,0.0,228.6,228.6,0.0,4048.2,0.0,0.0,0.0,0.25,6.3,0.0,48.6,46.8,0.0,0.19,0.0,0.0,0.65,43.2,0.38,0.0,70.2,345.6,0.36,1.8,0.7,0.15,0.09,0.0,0.0,0.0,0.04,0.0,0.0,0.0,0.09,0.0,0.15,0.0,0.0,0.0,0.0,0.0,0.0,0.0,0.0,0.0,0.0,0.0,0.0,0.0,0.1,0.0,0.01,0.0,0.0,0.0,0.09,0.07,0.2,0.02,0.17,0.06,0.04,0.06,0.1,0.09,0.02,0.06,0.05,0.07,0.04,0.01,0.04,0.07,1.39,0.0,0.0,0.0,19.08
winter_squash_cubed_cooked,1.82,18.14,0.72,5.74,75.85,0.0,6.76,0.0,0.0,0.0,0.0,0.0,0.0,0.0,0.0,0.61,5.13,5.64,0.05,0.3,0.15,0.0,6.46,1.33,0.0,0.0,182.88,0.03,0.14,1.01,1.46,0.33,0.0,0.0,21.73,41.0,0.48,19.68,10707.15,535.36,1070.71,0.0,1070.71,1398.1,5725.65,6424.7,0.0,2900.75,0.0,0.0,0.0,0.25,9.02,0.0,45.1,0.0,0.0,0.17,0.0,0.0,0.9,26.65,0.38,0.0,38.95,494.05,0.82,2.05,0.45,0.19,0.11,0.0,0.0,0.0,0.05,0.0,0.0,0.0,0.11,0.0,0.19,0.0,0.0,0.0,0.0,0.0,0.0,0.0,0.0,0.0,0.0,0.0,0.0,0.0,0.13,0.0,0.01,0.0,0.0,0.0,0.08,0.1,0.19,0.02,0.32,0.07,0.03,0.07,0.1,0.07,0.02,0.07,0.07,0.07,0.06,0.03,0.06,0.08,1.41,0.0,0.0,0.0,535.36
sweet_potato_baked,4.02,41.42,0.3,6.6,180.0,0.0,12.96,2.14,1.0,1.14,0.0,10.8,0.0,6.24,4.56,0.0,0.0,21.86,0.0,0.13,0.07,0.0,2.7,0.61,0.0,0.0,151.56,0.21,0.21,2.97,4.31,0.57,0.0,8.6,26.2,12.0,1.77,39.2,38436.0,1921.8,3843.6,0.0,3843.6,86.0,23018.0,23061.0,0.0,0.0,0.0,0.0,0.0,1.42,4.6,215.78,76.0,170.0,0.0,0.32,0.0,6.0,1.38,54.0,0.99,0.0,108.0,950.0,0.4,72.0,0.64,0.01,0.12,0.0,0.0,0.0,0.0,0.0,0.0,0.0,0.12,0.0,0.01,0.0,0.0,0.0,0.0,0.0,0.0,0.0,0.0,0.0,0.0,0.0,0.0,0.0,0.07,0.0,0.0,0.0,0.0,0.0,0.2,0.14,0.98,0.06,0.4,0.16,0.08,0.14,0.24,0.17,0.07,0.23,0.13,0.23,0.21,0.08,0.09,0.22,2.7,0.0,0.0,0.0,1921.8
swiss_chard_chopped_boiled,3.29,7.23,0.14,3.67,35.0,0.0,1.92,0.0,0.0,0.0,0.0,0.0,0.0,0.0,0.0,0.0,0.0,1.63,0.03,0.05,0.02,0.0,1.26,0.19,0.0,0.0,162.14,0.06,0.15,0.63,1.15,0.15,0.0,0.0,50.23,15.75,0.29,31.5,10717.0,535.85,1071.7,0.0,1071.7,78.75,6391.0,6430.37,0.0,19276.25,0.0,0.0,0.0,3.31,572.77,0.0,101.5,0.0,0.0,0.29,0.0,0.0,3.96,150.5,0.58,0.0,57.75,960.75,1.57,313.25,0.58,0.01,0.04,0.0,0.0,0.0,0.03,0.0,0.0,0.0,0.04,0.0,0.01,0.0,0.0,0.0,0.0,0.0,0.0,0.0,0.0,0.0,0.0,0.0,0.0,0.0,0.02,0.0,0.0,0.0,0.0,0.0,0.0,0.21,0.0,0.0,0.0,0.0,0.07,0.27,0.24,0.18,0.03,0.2,0.0,0.0,0.15,0.03,0.0,0.2,2.2,0.0,0.0,0.0,535.85
tomatoes_sliced_raw,1.58,7.0,0.36,2.16,32.4,0.0,4.73,4.72,2.47,2.25,0.0,0.0,0.0,0.0,0.0,0.0,0.0,0.11,0.06,0.15,0.05,0.0,3.24,0.45,0.0,0.0,170.14,0.07,0.03,1.07,1.25,0.14,0.0,7.2,12.06,27.0,0.16,24.66,1499.4,74.97,149.94,0.0,149.94,181.8,808.2,899.1,0.0,221.4,4631.4,0.0,0.0,0.97,14.22,0.0,18.0,108.0,1.26,0.11,0.0,0.0,0.49,19.8,0.21,9.0,43.2,426.6,0.0,9.0,0.31,0.01,0.14,0.0,0.0,0.0,0.05,0.0,0.0,0.0,0.14,0.0,0.01,0.0,0.0,0.0,0.0,0.0,0.0,0.0,0.0,0.0,0.0,0.0,0.0,0.0,0.04,0.0,0.01,0.0,0.0,0.0,0.05,0.04,0.24,0.02,0.78,0.03,0.03,0.03,0.04,0.05,0.01,0.05,0.03,0.05,0.05,0.01,0.03,0.03,0.9,0.0,0.0,0.0,74.97
turnip_greens_cooked,1.64,6.28,0.33,5.04,28.8,0.0,0.76,0.0,0.0,0.0,0.0,0.0,0.0,0.0,0.0,1.66,3.38,0.48,0.02,0.13,0.08,0.0,2.98,0.69,0.0,0.0,134.21,0.06,0.1,0.59,1.06,0.26,0.0,0.58,0.43,169.92,0.39,39.46,10980.0,549.0,1098.0,0.0,1098.0,0.0,6588.0,6588.0,0.0,12153.6,0.0,0.0,0.0,2.71,529.34,0.0,197.28,21.6,0.0,0.36,0.0,0.0,1.15,31.68,0.49,0.0,41.76,292.32,1.3,41.76,0.2,0.09,0.04,0.0,0.02,0.0,0.01,0.0,0.0,0.0,0.04,0.0,0.09,0.0,0.0,0.0,0.0,0.0,0.0,0.0,0.0,0.0,0.0,0.0,0.0,0.0,0.06,0.0,0.01,0.0,0.0,0.0,0.11,0.1,0.17,0.02,0.22,0.1,0.04,0.08,0.15,0.1,0.04,0.1,0.08,0.07,0.09,0.03,0.06,0.11,1.54,0.0,0.0,0.0,549.0
almonds_sliced_raw,4.88,4.98,11.37,2.81,132.25,0.0,0.89,0.06,0.02,0.03,0.01,0.84,0.0,0.01,0.83,0.34,2.47,1.28,7.1,2.78,0.86,0.0,102.3,7.72,0.04,0.0,1.08,0.05,0.23,0.78,1.52,0.03,0.0,14.72,11.98,11.5,0.11,0.0,0.23,0.01,0.02,0.0,0.02,0.0,0.23,0.23,0.0,0.23,0.0,0.0,0.0,6.03,0.0,0.0,60.72,4.14,0.0,0.23,0.0,0.46,0.86,61.64,0.53,6.78,111.32,162.15,0.57,0.23,0.71,0.0,2.77,0.0,0.06,0.01,7.04,0.0,0.0,0.0,2.77,0.0,0.0,0.0,0.0,0.0,0.0,0.0,0.0,0.0,0.0,0.0,0.0,0.0,0.0,0.0,0.7,0.0,0.15,0.0,0.0,0.0,0.21,0.51,0.6,0.04,1.41,0.3,0.12,0.15,0.31,0.12,0.03,0.23,0.21,0.2,0.12,0.04,0.09,0.17,0.69,0.0,0.0,0.0,0.01
cashews_raw,7.29,12.08,17.54,1.32,221.2,0.0,2.36,0.04,0.02,0.02,0.0,2.32,0.0,0.0,2.32,0.0,0.0,8.39,9.52,3.14,3.11,0.0,157.86,28.02,0.0,0.0,2.08,0.17,0.02,0.42,2.17,0.17,0.0,0.0,0.0,10.0,0.35,0.2,0.0,0.0,0.0,0.0,0.0,0.0,0.0,0.0,0.0,8.8,0.0,0.0,0.0,0.36,13.64,0.0,14.8,0.0,0.0,0.88,0.0,0.0,2.67,116.8,0.66,0.0,237.2,264.0,7.96,4.8,2.31,0.02,3.11,0.0,0.05,0.0,9.41,0.06,0.0,0.0,3.11,0.0,0.02,0.0,0.0,0.0,0.0,0.0,0.0,0.0,0.0,0.01,0.01,0.01,0.01,0.0,1.57,0.02,1.29,0.11,0.07,0.04,0.3,0.77,0.65,0.14,1.64,0.34,0.17,0.29,0.54,0.34,0.13,0.35,0.3,0.39,0.25,0.1,0.18,0.4,1.02,0.0,0.0,0.0,0.0
flaxseeds_ground_raw,2.56,4.04,5.9,3.82,74.76,0.0,0.22,0.06,0.0,0.06,0.0,0.16,0.0,0.0,0.16,1.27,2.55,0.0,1.05,4.02,0.51,0.0,53.12,4.62,0.0,0.0,0.97,0.23,0.02,0.43,1.07,0.07,0.0,0.0,11.02,12.18,0.14,0.08,0.0,0.0,0.0,0.0,0.0,0.0,0.0,0.0,0.0,91.14,0.0,0.0,0.0,0.04,0.6,0.0,35.7,0.0,0.0,0.17,0.0,0.0,0.8,54.88,0.35,0.0,89.88,113.82,3.56,4.2,0.61,3.19,0.83,0.0,0.0,0.0,1.03,0.01,0.0,0.01,0.83,0.0,3.19,0.0,0.0,0.0,0.0,0.0,0.0,0.0,0.0,0.0,0.0,0.0,0.0,0.0,0.3,0.0,0.19,0.01,0.01,0.0,0.12,0.25,0.27,0.04,0.52,0.16,0.06,0.12,0.16,0.11,0.05,0.12,0.1,0.13,0.1,0.04,0.06,0.14,0.52,0.0,0.0,0.0,0.0
peanuts_raw,9.42,5.89,17.97,3.1,206.95,0.0,1.45,0.0,0.0,0.0,0.0,0.0,0.0,0.0,0.0,0.87,2.23,1.34,8.92,5.68,2.49,0.0,161.75,22.45,0.0,0.0,2.37,0.23,0.05,4.4,5.91,0.13,0.0,6.4,19.16,87.6,0.64,0.0,0.0,0.0,0.0,0.0,0.0,0.0,0.0,0.0,0.0,0.0,0.0,0.0,0.0,3.04,0.0,0.0,33.58,2.55,0.0,0.42,0.0,7.3,1.67,61.32,0.71,10.77,137.24,257.32,2.63,6.57,1.19,0.0,5.68,0.0,0.0,0.0,8.67,0.24,0.0,0.0,5.68,0.0,0.0,0.0,0.0,0.0,0.0,0.0,0.0,0.0,0.0,0.0,0.0,0.0,0.01,0.0,1.88,0.0,0.4,0.0,0.0,0.0,0.37,1.12,1.14,0.12,1.95,0.56,0.24,0.33,0.61,0.34,0.11,0.48,0.41,0.46,0.32,0.09,0.38,0.39,0.85,0.0,0.0,0.0,0.0
pumpkin_seeds_dried_shelled,9.75,3.45,15.82,1.94,180.28,0.0,0.45,0.09,0.05,0.04,0.0,0.36,0.0,0.0,0.36,0.27,1.66,1.07,5.24,6.76,2.79,0.02,142.37,25.13,0.19,0.0,1.69,0.09,0.05,1.61,4.41,0.05,0.0,0.0,20.32,18.7,0.24,0.61,5.16,0.26,0.52,0.0,0.52,0.32,2.9,3.22,0.32,23.86,0.0,0.0,0.0,0.7,2.35,0.0,14.84,0.0,0.0,0.43,0.0,0.0,2.84,190.92,1.47,0.0,397.64,260.9,3.03,2.26,2.52,0.04,6.72,0.0,0.02,0.0,5.2,0.02,0.0,0.0,6.68,0.0,0.04,0.0,0.0,0.04,0.0,0.0,0.0,0.0,0.0,0.0,0.0,0.0,0.02,0.0,1.73,0.01,0.93,0.07,0.02,0.01,0.43,1.56,0.86,0.1,1.8,0.54,0.23,0.37,0.71,0.36,0.18,0.51,0.38,0.49,0.29,0.17,0.32,0.46,1.54,0.0,0.0,0.0,0.26
sesame_seeds_dried,6.38,8.44,17.88,4.25,206.28,0.0,0.11,0.0,0.0,0.0,0.0,0.0,0.0,0.0,0.0,0.89,3.36,4.09,6.75,7.84,2.5,0.0,160.93,22.54,0.0,0.0,1.69,0.28,0.09,1.63,3.68,0.28,0.0,3.96,9.22,34.92,0.02,0.0,3.24,0.16,0.32,0.0,0.32,0.0,1.8,1.8,0.0,0.0,0.0,0.0,0.0,0.09,0.0,0.0,351.0,3.6,0.0,1.47,0.0,0.0,5.24,126.36,0.89,10.62,226.44,168.48,12.38,3.96,2.79,0.14,7.69,0.0,0.05,0.0,6.67,0.03,0.0,0.0,7.69,0.0,0.14,0.0,0.0,0.0,0.0,0.0,0.0,0.0,0.0,0.0,0.0,0.0,0.04,0.0,1.6,0.0,0.75,0.0,0.0,0.0,0.29,0.84,0.52,0.11,1.26,0.39,0.17,0.24,0.43,0.18,0.19,0.3,0.26,0.31,0.23,0.12,0.24,0.31,1.6,0.0,0.0,0.0,0.16
sunflower_seeds_dried,7.27,7.0,18.01,3.01,204.4,0.0,0.92,0.0,0.0,0.0,0.0,0.0,0.0,0.0,0.88,0.96,2.05,3.07,6.48,8.1,1.56,0.0,162.1,14.03,0.0,0.0,1.66,0.52,0.12,2.92,4.6,0.47,0.0,0.0,19.29,79.45,0.4,0.49,17.5,0.88,1.75,0.0,1.75,0.0,10.5,10.5,0.0,0.0,0.0,0.0,0.0,12.31,0.0,0.0,27.3,0.0,0.0,0.63,0.0,0.0,1.84,113.75,0.68,0.0,231.0,225.75,18.55,3.15,1.75,0.03,8.07,0.0,0.01,0.01,6.43,0.03,0.01,0.0,8.07,0.0,0.02,0.0,0.0,0.0,0.0,0.0,0.0,0.0,0.0,0.0,0.0,0.0,0.01,0.0,0.77,0.01,0.59,0.04,0.11,0.03,0.32,0.7,0.71,0.13,1.62,0.43,0.18,0.33,0.48,0.27,0.14,0.34,0.34,0.31,0.27,0.1,0.19,0.38,1.06,0.0,0.0,0.0,0.88
walnuts_english_dried_pieces,4.57,4.11,19.56,2.01,196.2,0.0,0.78,0.05,0.03,0.02,0.0,0.73,0.0,0.0,0.73,0.66,1.35,1.32,2.68,14.15,1.84,0.0,176.07,16.54,0.0,0.0,1.22,0.1,0.05,0.34,1.16,0.16,0.0,5.7,11.76,29.4,0.17,0.39,6.0,0.3,0.6,0.0,0.6,0.0,3.6,3.6,0.0,2.7,0.0,0.0,0.0,0.21,0.81,0.0,29.4,7.2,0.0,0.48,0.0,2.7,0.87,47.4,1.02,8.85,103.8,132.3,1.47,0.6,0.93,2.72,11.43,0.0,0.0,0.0,2.64,0.04,0.0,0.0,11.43,0.0,2.72,0.0,0.0,0.0,0.0,0.0,0.0,0.0,0.0,0.0,0.0,0.0,0.0,0.0,1.32,0.0,0.5,0.02,0.0,0.0,0.2,0.66,0.53,0.06,0.82,0.24,0.11,0.18,0.34,0.12,0.07,0.21,0.2,0.27,0.17,0.05,0.12,0.22,0.53,0.0,0.0,0.0,0.3
apple_fresh,0.47,25.13,0.31,4.37,94.64,0.0,18.91,15.15,10.72,4.42,0.0,3.76,0.0,0.0,3.76,0.44,3.93,1.86,0.01,0.09,0.05,0.0,2.78,0.46,0.0,0.0,155.72,0.03,0.05,0.17,0.2,0.07,0.0,2.27,6.19,5.46,0.11,8.37,98.28,4.91,9.83,0.0,9.83,0.0,49.14,59.15,20.02,52.78,0.0,0.0,0.0,0.33,4.0,497.21,10.92,0.0,1.69,0.05,0.01,0.0,0.22,9.1,0.06,0.0,20.02,194.74,0.0,1.82,0.07,0.02,0.08,0.0,0.0,0.0,0.01,0.0,0.0,0.0,0.08,0.0,0.02,0.0,0.0,0.0,0.0,0.0,0.0,0.0,0.0,0.0,0.0,0.0,0.0,0.0,0.04,0.0,0.01,0.0,0.0,0.0,0.02,0.01,0.13,0.0,0.05,0.02,0.01,0.01,0.02,0.02,0.0,0.01,0.01,0.02,0.01,0.0,0.0,0.02,0.35,0.0,0.0,0.0,4.91
apricot_fresh,0.49,3.89,0.14,0.69,16.8,0.0,3.2,1.15,0.33,0.82,0.0,2.05,0.0,0.02,2.03,0.35,0.34,0.0,0.06,0.03,0.01,0.0,1.23,0.09,0.0,0.0,30.22,0.01,0.01,0.21,0.3,0.02,0.0,0.0,0.98,3.15,0.08,3.5,674.1,33.7,67.41,0.0,67.41,6.65,382.9,404.42,36.4,31.15,0.0,0.0,0.0,0.31,1.16,0.0,4.55,1.05,0.0,0.03,0.0,0.0,0.14,3.5,0.03,0.0,8.05,90.65,0.03,0.35,0.07,0.0,0.03,0.0,0.0,0.0,0.06,0.0,0.0,0.0,0.03,0.0,0.0,0.0,0.0,0.0,0.0,0.0,0.0,0.0,0.0,0.0,0.0,0.0,0.0,0.0,0.01,0.0,0.0,0.0,0.0,0.0,0.02,0.02,0.11,0.0,0.05,0.01,0.01,0.01,0.03,0.03,0.0,0.02,0.04,0.03,0.02,0.01,0.01,0.02,0.26,0.0,0.0,0.0,33.7
banana_fresh_af,1.2,26.95,0.39,3.07,105.02,0.0,0.0,11.6,5.72,5.88,0.0,2.83,0.0,0.01,2.82,0.0,0.0,9.45,0.04,0.09,0.13,0.0,3.5,1.19,0.0,0.0,88.39,0.04,0.09,0.78,0.96,0.43,0.0,3.07,11.56,23.6,0.39,10.27,75.52,3.78,7.55,0.0,7.55,29.5,30.68,45.43,0.0,25.96,0.0,0.0,0.0,0.12,0.59,122.14,5.9,93.22,0.93,0.09,0.0,9.44,0.31,31.86,0.32,0.0,25.96,422.44,1.18,1.18,0.18,0.03,0.05,0.0,0.01,0.0,0.03,0.0,0.0,0.0,0.05,0.0,0.03,0.0,0.0,0.0,0.0,0.0,0.0,0.0,0.0,0.0,0.0,0.0,0.0,0.0,0.12,0.0,0.01,0.0,0.0,0.0,0.05,0.06,0.15,0.01,0.18,0.04,0.09,0.03,0.08,0.06,0.01,0.06,0.03,0.05,0.03,0.01,0.01,0.06,0.97,0.75,0.32,0.42,3.78
blueberries_fresh,1.1,21.45,0.49,3.55,84.36,0.0,14.74,14.58,7.36,7.22,0.0,0.16,0.0,0.0,0.16,0.4,3.15,3.15,0.07,0.22,0.04,0.0,4.4,0.37,0.0,0.0,124.63,0.05,0.06,0.62,0.69,0.08,0.0,0.0,8.88,8.88,0.18,14.36,79.92,4.0,7.99,0.0,7.99,0.0,47.36,47.36,0.0,118.4,0.0,0.0,0.0,0.84,28.56,0.0,8.88,0.0,0.0,0.08,0.0,0.0,0.41,8.88,0.5,0.0,17.76,113.96,0.15,1.48,0.24,0.09,0.13,0.0,0.0,0.0,0.07,0.0,0.0,0.0,0.13,0.0,0.09,0.0,0.0,0.0,0.0,0.0,0.0,0.0,0.0,0.0,0.0,0.0,0.0,0.0,0.03,0.0,0.01,0.0,0.0,0.0,0.05,0.05,0.08,0.01,0.13,0.05,0.02,0.03,0.07,0.02,0.02,0.04,0.04,0.03,0.03,0.0,0.01,0.05,0.36,0.0,0.0,0.0,4.0
cantaloupe_cubed_fresh,1.34,13.06,0.3,1.34,54.4,0.05,11.71,5.17,2.79,2.29,0.1,6.54,0.0,0.06,6.48,0.0,0.0,0.0,0.0,0.13,0.08,0.0,2.74,0.73,0.0,0.0,144.24,0.07,0.03,1.17,1.23,0.12,0.0,0.0,12.16,33.6,0.17,58.72,5411.2,270.56,541.12,0.0,541.12,25.6,3232.0,3245.6,1.6,41.6,0.0,0.0,0.0,0.08,4.0,194.0,14.4,70.4,0.0,0.07,0.0,6.4,0.34,19.2,0.07,0.0,24.0,427.2,0.64,25.6,0.29,0.07,0.06,0.0,0.0,0.0,0.0,0.0,0.0,0.0,0.06,0.0,0.07,0.0,0.0,0.0,0.0,0.0,0.0,0.0,0.0,0.0,0.0,0.0,0.0,0.0,0.07,0.0,0.01,0.0,0.0,0.0,0.15,0.05,0.22,0.0,0.33,0.04,0.02,0.03,0.05,0.05,0.02,0.04,0.03,0.07,0.03,0.0,0.02,0.05,1.04,0.0,0.0,0.0,270.56
cranberries_fresh_whole,0.39,12.2,0.13,4.6,46.0,0.0,4.04,3.91,0.63,3.28,0.0,0.13,0.0,0.0,0.13,0.0,0.0,3.56,0.02,0.06,0.01,0.0,1.17,0.1,0.0,0.0,87.13,0.01,0.02,0.1,0.12,0.06,0.0,0.0,5.5,1.0,0.29,13.3,60.0,3.0,6.0,0.0,6.0,0.0,36.0,36.0,0.0,91.0,0.0,0.0,0.0,1.2,5.1,0.0,8.0,0.0,0.0,0.06,0.0,0.0,0.25,6.0,0.36,0.0,13.0,85.0,0.1,2.0,0.1,0.02,0.03,0.0,0.0,0.0,0.02,0.0,0.0,0.0,0.03,0.0,0.02,0.0,0.0,0.0,0.0,0.0,0.0,0.0,0.0,0.0,0.0,0.0,0.0,0.0,0.01,0.0,0.0,0.0,0.0,0.0,0.02,0.03,0.09,0.0,0.07,0.02,0.01,0.01,0.02,0.02,0.0,0.02,0.01,0.02,0.01,0.0,0.01,0.02,0.15,0.0,0.0,0.0,3.0
figs_fresh,0.38,9.59,0.15,1.45,37.0,0.0,8.13,0.0,0.0,0.0,0.0,0.0,0.0,0.0,0.0,0.0,0.0,0.01,0.03,0.07,0.03,0.0,1.35,0.27,0.0,0.0,39.55,0.03,0.02,0.2,0.25,0.06,0.0,0.0,2.35,3.0,0.15,1.0,71.0,3.55,7.1,0.0,7.1,0.0,42.5,42.5,0.0,4.5,0.0,0.0,0.0,0.06,2.35,0.0,17.5,9.0,0.0,0.03,0.0,0.0,0.19,8.5,0.06,0.0,7.0,116.0,0.1,0.5,0.07,0.0,0.07,0.0,0.0,0.0,0.03,0.0,0.0,0.0,0.07,0.0,0.0,0.0,0.0,0.0,0.0,0.0,0.0,0.0,0.0,0.0,0.0,0.0,0.0,0.0,0.02,0.0,0.01,0.0,0.0,0.0,0.02,0.01,0.09,0.01,0.04,0.01,0.01,0.01,0.02,0.01,0.0,0.01,0.02,0.02,0.01,0.0,0.02,0.01,0.33,0.0,0.0,0.0,3.55
grapefruit_pink_fresh,0.81,10.34,0.13,1.41,40.96,0.0,8.93,0.0,0.0,0.0,0.0,0.0,0.0,0.0,0.0,1.04,0.37,0.0,0.02,0.03,0.02,0.0,1.15,0.16,0.0,0.0,116.34,0.05,0.03,0.32,0.45,0.05,0.0,1.28,9.86,12.8,0.36,44.03,1186.56,59.33,118.66,0.0,118.66,5.12,706.56,712.96,7.68,7.68,1452.8,0.0,0.0,0.17,0.0,125.84,15.36,2.56,0.0,0.06,0.0,0.0,0.12,10.24,0.02,0.0,10.24,177.92,0.38,0.0,0.09,0.01,0.02,0.0,0.0,0.0,0.02,0.0,0.0,0.0,0.02,0.0,0.01,0.0,0.0,0.0,0.0,0.0,0.0,0.0,0.0,0.0,0.0,0.0,0.0,0.0,0.02,0.0,0.0,0.0,0.0,0.0,0.03,0.09,0.14,0.01,0.2,0.02,0.01,0.01,0.02,0.02,0.01,0.05,0.07,0.03,0.01,0.01,0.01,0.02,0.4,0.0,0.0,0.0,59.33
grapes_fresh,1.09,27.33,0.24,1.36,104.19,0.0,23.37,23.15,12.28,10.87,0.0,0.23,0.0,0.0,0.23,0.0,0.0,2.6,0.01,0.07,0.08,0.0,2.17,0.73,0.0,0.0,121.62,0.1,0.11,0.28,0.56,0.13,0.0,0.45,8.46,3.02,0.08,4.83,99.66,4.98,9.97,0.0,9.97,1.51,58.89,59.64,0.0,108.72,0.0,0.0,0.0,0.29,22.05,694.6,15.1,0.0,0.3,0.19,0.01,1.51,0.54,10.57,0.11,0.0,30.2,288.41,0.15,3.02,0.11,0.02,0.06,0.0,0.0,0.0,0.01,0.0,0.0,0.0,0.06,0.0,0.02,0.0,0.0,0.0,0.0,0.0,0.0,0.0,0.0,0.0,0.0,0.0,0.0,0.0,0.07,0.0,0.01,0.0,0.0,0.0,0.03,0.2,0.06,0.02,0.12,0.02,0.03,0.02,0.03,0.04,0.01,0.03,0.12,0.03,0.03,0.02,0.02,0.03,0.72,0.0,0.0,0.0,4.98
kiwifruit_fresh,0.79,10.12,0.36,2.07,42.09,0.0,6.2,5.95,3.0,2.84,0.12,0.23,0.0,0.13,0.1,0.0,0.0,1.84,0.03,0.2,0.02,0.0,3.23,0.18,0.0,0.0,57.32,0.02,0.02,0.24,0.41,0.04,0.0,0.0,5.38,17.25,0.13,63.96,60.03,3.0,6.0,0.0,6.0,0.0,35.88,35.88,0.0,84.18,0.0,0.0,0.0,1.01,27.81,0.0,23.46,26.91,0.0,0.09,0.0,0.0,0.21,11.73,0.07,0.0,23.46,215.28,0.14,2.07,0.1,0.03,0.17,0.0,0.0,0.0,0.03,0.0,0.0,0.0,0.17,0.0,0.03,0.0,0.0,0.0,0.0,0.0,0.0,0.0,0.0,0.0,0.0,0.0,0.0,0.0,0.01,0.0,0.01,0.0,0.0,0.0,0.04,0.06,0.09,0.02,0.13,0.04,0.02,0.04,0.05,0.04,0.02,0.03,0.03,0.04,0.03,0.01,0.02,0.04,0.42,0.0,0.0,0.0,3.0
lemons_and_limes_fresh_juice,0.21,4.21,0.15,0.18,13.42,0.0,1.54,1.27,0.67,0.6,0.0,0.26,0.0,0.0,0.26,0.09,0.1,2.49,0.0,0.01,0.02,0.0,1.32,0.22,0.0,0.0,56.31,0.01,0.01,0.06,0.06,0.03,0.0,0.18,3.11,12.2,0.08,23.61,3.66,0.18,0.37,0.0,0.37,0.0,0.61,1.83,2.44,9.15,0.0,0.0,0.0,0.09,0.0,0.0,3.66,0.0,0.0,0.01,0.0,0.0,0.05,3.66,0.01,0.0,4.88,62.83,0.06,0.61,0.03,0.01,0.01,0.0,0.0,0.0,0.0,0.0,0.0,0.0,0.01,0.0,0.01,0.0,0.0,0.0,0.0,0.0,0.0,0.0,0.0,0.0,0.01,0.0,0.0,0.0,0.01,0.0,0.0,0.0,0.0,0.0,0.0,0.0,0.0,0.0,0.0,0.0,0.0,0.0,0.0,0.0,0.0,0.0,0.0,0.0,0.0,0.0,0.0,0.0,0.13,2.49,2.49,0.0,0.18
oranges_fresh,1.23,15.39,0.16,3.14,61.57,0.0,12.25,0.0,0.0,0.0,0.0,0.0,0.0,0.0,0.0,2.07,1.08,0.0,0.03,0.03,0.02,0.0,1.41,0.18,0.0,0.0,113.64,0.11,0.05,0.37,0.57,0.08,0.0,1.31,11.0,39.3,0.33,69.69,294.75,14.74,29.48,0.0,29.48,14.41,93.01,176.19,151.96,168.99,0.0,0.0,0.0,0.24,0.0,0.0,52.4,3.93,0.39,0.06,0.0,0.0,0.13,13.1,0.03,0.0,18.34,237.11,0.65,0.0,0.09,0.01,0.02,0.0,0.0,0.0,0.03,0.0,0.0,0.0,0.02,0.0,0.01,0.0,0.0,0.0,0.0,0.0,0.0,0.0,0.0,0.0,0.0,0.0,0.0,0.0,0.02,0.0,0.0,0.0,0.0,0.0,0.07,0.09,0.15,0.01,0.12,0.12,0.02,0.03,0.03,0.06,0.03,0.04,0.06,0.04,0.02,0.01,0.02,0.05,0.58,0.0,0.0,0.0,14.74
papaya_fresh,1.3,29.86,0.72,4.69,118.68,0.0,21.58,21.58,10.29,11.29,0.0,0.0,0.0,0.0,0.0,0.0,0.0,3.59,0.2,0.16,0.22,0.0,6.46,2.01,0.0,0.0,243.05,0.06,0.07,0.99,1.35,0.1,0.0,0.0,16.84,102.12,0.53,168.08,2622.0,131.1,262.2,0.0,262.2,5.52,756.24,1571.82,1625.64,245.64,5045.28,0.0,0.0,0.83,7.18,0.0,55.2,30.36,0.0,0.12,0.0,0.0,0.69,57.96,0.11,0.0,27.6,502.32,1.66,22.08,0.22,0.13,0.03,0.0,0.1,0.0,0.09,0.0,0.0,0.0,0.03,0.0,0.13,0.0,0.0,0.0,0.0,0.0,0.0,0.0,0.0,0.0,0.0,0.01,0.04,0.0,0.17,0.0,0.01,0.0,0.0,0.0,0.04,0.03,0.14,0.0,0.09,0.05,0.01,0.02,0.04,0.07,0.01,0.02,0.03,0.04,0.03,0.02,0.01,0.03,1.08,0.15,0.08,0.07,131.1
pear_fresh,0.64,27.11,0.25,5.52,101.46,0.0,17.35,16.06,11.43,4.63,0.0,1.26,0.0,0.0,1.26,1.15,4.37,4.24,0.1,0.12,0.03,0.0,2.24,0.25,0.0,0.0,149.45,0.02,0.05,0.29,0.35,0.05,0.0,0.36,9.08,12.46,0.09,7.65,44.5,2.22,4.45,0.0,4.45,1.78,24.92,24.92,3.56,78.32,0.0,0.0,0.0,0.21,7.83,650.87,16.02,1.78,0.0,0.15,0.0,0.0,0.32,12.46,0.09,0.0,21.36,206.48,0.18,1.78,0.18,0.0,0.12,0.0,0.0,0.0,0.1,0.0,0.0,0.0,0.12,0.0,0.0,0.0,0.0,0.0,0.0,0.0,0.0,0.0,0.0,0.0,0.0,0.0,0.0,0.0,0.02,0.0,0.0,0.0,0.0,0.0,0.02,0.02,0.19,0.0,0.05,0.02,0.0,0.02,0.03,0.03,0.0,0.02,0.04,0.03,0.02,0.0,0.0,0.03,0.57,0.0,0.0,0.0,2.22
pineapple_chunks_fresh,0.89,21.65,0.2,2.31,82.5,0.0,16.25,6.35,3.5,2.85,0.0,9.88,0.0,0.0,9.88,0.0,0.0,3.09,0.02,0.07,0.01,0.0,1.78,0.13,0.0,0.0,141.9,0.13,0.05,0.82,0.96,0.18,0.0,0.5,9.07,29.7,0.35,78.87,95.7,4.78,9.57,0.0,9.57,0.0,57.75,57.75,0.0,0.0,0.0,0.0,0.0,0.03,1.15,0.0,21.45,0.0,0.0,0.18,0.0,0.0,0.48,19.8,1.53,0.0,13.2,179.85,0.16,1.65,0.2,0.03,0.04,0.0,0.0,0.0,0.02,0.0,0.0,0.0,0.04,0.0,0.03,0.0,0.0,0.0,0.0,0.0,0.0,0.0,0.0,0.0,0.0,0.0,0.0,0.0,0.01,0.0,0.0,0.0,0.0,0.0,0.05,0.03,0.2,0.02,0.13,0.04,0.02,0.03,0.04,0.04,0.02,0.03,0.03,0.06,0.03,0.01,0.03,0.04,0.36,0.0,0.0,0.0,4.78
plum_fresh,0.46,7.54,0.18,0.92,30.36,0.0,6.55,5.46,2.03,3.34,0.09,1.09,0.0,0.05,1.04,0.3,0.62,0.07,0.09,0.03,0.01,0.0,1.66,0.1,0.0,0.0,57.57,0.02,0.02,0.28,0.37,0.02,0.0,0.0,1.25,3.3,0.09,6.27,227.7,11.38,22.77,0.0,22.77,0.0,125.4,136.95,23.1,48.18,0.0,0.0,0.0,0.17,4.22,278.5,3.96,0.0,0.0,0.04,0.0,0.0,0.11,4.62,0.03,0.0,10.56,103.62,0.0,0.0,0.07,0.0,0.03,0.0,0.0,0.0,0.09,0.0,0.0,0.0,0.03,0.0,0.0,0.0,0.0,0.0,0.0,0.0,0.0,0.0,0.0,0.0,0.0,0.0,0.0,0.0,0.01,0.0,0.0,0.0,0.0,0.0,0.02,0.01,0.23,0.0,0.02,0.01,0.01,0.01,0.01,0.01,0.01,0.01,0.02,0.02,0.01,0.01,0.01,0.01,0.24,0.0,0.0,0.0,11.38
raspberries_fresh,1.48,14.69,0.8,7.99,63.96,0.0,5.44,5.18,2.89,2.29,0.0,0.25,0.0,0.0,0.25,0.0,0.0,1.25,0.08,0.46,0.02,0.0,7.2,0.21,0.0,0.0,105.47,0.04,0.05,0.74,0.74,0.07,0.0,2.34,15.13,25.83,0.4,32.23,40.59,2.03,4.06,0.0,4.06,19.68,14.76,24.6,0.0,167.28,0.0,0.0,0.0,1.07,9.59,0.0,30.75,27.06,0.0,0.11,0.0,0.0,0.85,27.06,0.82,0.0,35.67,185.73,0.25,1.23,0.52,0.15,0.31,0.0,0.0,0.0,0.07,0.01,0.0,0.0,0.31,0.0,0.15,0.0,0.0,0.0,0.0,0.0,0.0,0.0,0.0,0.0,0.0,0.0,0.0,0.0,0.02,0.0,0.0,0.0,0.0,0.0,0.0,0.0,0.0,0.0,0.0,0.0,0.0,0.0,0.0,0.0,0.0,0.0,0.0,0.0,0.0,0.0,0.0,0.0,0.57,0.0,0.0,0.0,2.03
strawberries_fresh,0.96,11.06,0.43,2.88,46.08,0.0,7.04,6.37,3.51,2.86,0.0,0.68,0.0,0.0,0.68,0.63,2.25,1.14,0.06,0.22,0.02,0.0,3.89,0.19,0.0,0.0,130.97,0.03,0.03,0.56,0.75,0.07,0.0,1.58,8.21,34.56,0.18,84.67,17.28,0.86,1.73,0.0,1.73,0.0,10.08,10.08,0.0,37.44,0.0,0.0,0.0,0.42,3.17,193.29,23.04,25.92,0.0,0.07,0.01,12.96,0.59,18.72,0.56,0.0,34.56,220.32,0.58,1.44,0.2,0.09,0.13,0.0,0.0,0.0,0.06,0.0,0.0,0.0,0.13,0.0,0.09,0.0,0.0,0.0,0.0,0.0,0.0,0.0,0.0,0.0,0.0,0.0,0.0,0.0,0.02,0.0,0.0,0.0,0.0,0.0,0.05,0.04,0.21,0.01,0.14,0.04,0.02,0.02,0.05,0.04,0.0,0.03,0.03,0.04,0.03,0.01,0.03,0.03,0.58,0.0,0.0,0.0,0.86
watermelon_diced_fresh,0.93,11.48,0.23,0.61,45.6,0.0,9.42,7.5,5.09,2.4,0.0,1.93,0.0,0.09,1.84,0.15,0.46,1.44,0.06,0.08,0.02,0.0,2.05,0.22,0.0,0.0,139.0,0.05,0.03,0.27,0.45,0.07,0.0,1.52,6.23,4.56,0.34,12.31,864.88,43.24,86.49,0.0,86.49,0.0,460.56,519.84,118.56,12.16,6888.64,0.0,0.0,0.08,0.15,142.5,10.64,0.0,0.0,0.06,0.0,0.0,0.36,15.2,0.06,0.0,16.72,170.24,0.61,1.52,0.15,0.0,0.08,0.0,0.0,0.0,0.06,0.0,0.0,0.0,0.08,0.0,0.0,0.0,0.0,0.0,0.0,0.0,0.0,0.0,0.0,0.0,0.0,0.0,0.0,0.0,0.01,0.0,0.01,0.0,0.0,0.0,0.03,0.09,0.06,0.0,0.1,0.02,0.01,0.03,0.03,0.09,0.01,0.02,0.04,0.02,0.04,0.01,0.02,0.02,0.38,0.0,0.0,0.0,43.24
black_beans_cooked,15.24,40.78,0.93,14.96,227.04,0.0,0.0,0.0,0.0,0.0,0.0,0.0,0.0,0.0,0.0,4.13,10.84,0.0,0.08,0.4,0.24,0.0,8.36,2.15,0.0,0.0,113.07,0.42,0.1,0.87,3.88,0.12,0.0,0.0,0.0,256.28,0.42,0.0,10.32,0.52,1.03,0.0,1.03,0.0,0.0,6.19,0.0,0.0,0.0,0.0,0.0,0.0,0.0,0.0,46.44,0.0,0.0,0.36,0.0,0.0,3.61,120.4,0.76,129.0,240.8,610.6,2.06,1.72,1.93,0.18,0.22,0.0,0.0,0.0,0.08,0.0,0.0,0.0,0.22,0.0,0.18,0.0,0.0,0.0,0.0,0.0,0.0,0.0,0.0,0.0,0.0,0.0,0.0,0.0,0.22,0.0,0.01,0.0,0.0,0.0,0.64,0.94,1.84,0.17,2.32,0.6,0.42,0.67,1.22,1.05,0.23,0.82,0.65,0.83,0.64,0.18,0.43,0.8,1.98,0.0,0.0,0.0,0.52
dried_peas_split_cooked,16.35,41.36,0.76,16.27,231.28,0.0,5.68,0.0,0.0,0.0,0.0,0.0,0.0,0.0,0.0,5.04,11.23,19.4,0.16,0.32,0.11,0.0,6.88,0.95,0.0,0.0,136.2,0.37,0.11,1.74,4.78,0.09,0.0,0.0,64.29,127.4,1.17,0.78,13.72,0.69,1.37,0.0,1.37,0.0,7.84,7.84,0.0,0.0,0.0,0.0,0.0,0.06,9.8,0.0,27.44,0.0,0.0,0.35,0.0,0.0,2.53,70.56,0.78,147.0,194.04,709.52,1.18,3.92,1.96,0.05,0.27,0.0,0.0,0.0,0.15,0.01,0.0,0.0,0.27,0.0,0.05,0.0,0.0,0.0,0.0,0.0,0.0,0.0,0.0,0.0,0.0,0.0,0.0,0.0,0.08,0.0,0.02,0.0,0.0,0.0,0.72,1.46,1.93,0.25,2.79,0.73,0.4,0.67,1.17,1.18,0.17,0.75,0.67,0.72,0.58,0.18,0.47,0.77,1.33,0.0,0.0,0.0,0.69
garbanzo_beans_cooked,14.53,44.97,4.25,12.46,268.96,0.0,7.87,0.0,0.0,0.0,0.0,0.0,0.0,0.0,0.0,3.87,8.59,24.63,0.96,1.9,0.44,0.0,38.23,3.97,0.0,0.0,98.74,0.19,0.1,0.86,3.19,0.23,0.0,0.0,70.19,282.08,0.47,2.13,44.28,2.21,4.43,0.0,4.43,0.0,26.24,26.24,0.0,0.0,0.0,0.0,0.0,0.57,6.56,0.0,80.36,0.0,0.0,0.58,0.0,0.0,4.74,78.72,1.69,123.0,275.52,477.24,6.07,11.48,2.51,0.07,1.83,0.0,0.01,0.0,0.95,0.0,0.0,0.0,1.83,0.0,0.07,0.0,0.0,0.0,0.0,0.0,0.0,0.0,0.0,0.0,0.0,0.0,0.01,0.0,0.35,0.0,0.06,0.0,0.0,0.0,0.62,1.37,1.71,0.2,2.54,0.61,0.4,0.62,1.03,0.97,0.19,0.78,0.6,0.73,0.54,0.14,0.36,0.61,1.51,0.0,0.0,0.0,2.21
kidney_beans_cooked,15.35,40.36,0.88,11.33,224.79,0.0,0.57,0.0,0.0,0.0,0.0,0.0,0.0,0.0,0.0,4.64,6.69,28.46,0.07,0.49,0.13,0.0,7.96,1.16,0.0,0.0,118.48,0.28,0.1,1.02,4.09,0.21,0.0,0.0,53.98,230.1,0.39,2.12,0.0,0.0,0.0,0.0,0.0,0.0,0.0,0.0,0.0,0.0,0.0,0.0,0.0,0.05,14.87,0.0,61.95,0.0,0.0,0.38,0.0,0.0,3.93,74.34,0.76,132.75,244.26,716.85,1.95,1.77,1.77,0.3,0.19,0.0,0.0,0.0,0.07,0.0,0.0,0.0,0.19,0.0,0.3,0.0,0.0,0.0,0.0,0.0,0.0,0.0,0.0,0.0,0.0,0.0,0.0,0.0,0.12,0.0,0.01,0.0,0.0,0.0,0.7,0.84,1.92,0.14,2.47,0.62,0.42,0.73,1.3,1.07,0.2,0.9,0.88,0.96,0.56,0.18,0.36,0.88,1.93,0.0,0.0,0.0,0.0
lentils_cooked,17.86,39.86,0.75,15.64,229.68,0.0,3.56,0.0,0.0,0.0,0.0,0.0,0.0,0.0,0.0,2.57,13.07,20.65,0.13,0.35,0.1,0.0,6.77,0.94,0.0,0.0,137.89,0.33,0.14,2.1,4.77,0.35,0.0,0.0,64.75,358.38,1.26,2.97,15.84,0.79,1.58,0.0,1.58,0.0,9.9,9.9,0.0,0.0,0.0,0.0,0.0,0.22,3.37,0.0,37.62,0.0,0.0,0.5,0.0,0.0,6.59,71.28,0.98,148.5,356.4,730.62,5.54,3.96,2.51,0.07,0.27,0.0,0.0,0.0,0.12,0.0,0.0,0.0,0.27,0.0,0.07,0.0,0.0,0.0,0.0,0.0,0.0,0.0,0.0,0.0,0.0,0.0,0.0,0.0,0.09,0.0,0.01,0.0,0.0,0.0,0.75,1.38,1.98,0.23,2.77,0.73,0.5,0.77,1.29,1.25,0.15,0.88,0.75,0.82,0.64,0.16,0.48,0.89,1.64,0.0,0.0,0.0,0.79
lima_beans_cooked,14.66,39.25,0.71,13.16,216.2,0.0,5.45,0.0,0.0,0.0,0.0,0.0,0.0,0.0,0.0,3.48,9.68,20.64,0.06,0.32,0.17,0.0,6.43,1.51,0.0,0.0,131.21,0.3,0.1,0.79,3.66,0.3,0.0,0.0,61.1,156.04,0.79,0.0,0.0,0.0,0.0,0.0,0.0,0.0,0.0,0.0,0.0,0.0,0.0,0.0,0.0,0.34,3.76,646.01,31.96,0.0,0.0,0.44,0.0,0.0,4.49,80.84,0.97,141.0,208.68,955.04,8.46,3.76,1.79,0.1,0.22,0.0,0.0,0.0,0.05,0.0,0.0,0.0,0.22,0.0,0.1,0.0,0.0,0.0,0.0,0.0,0.0,0.0,0.0,0.0,0.0,0.0,0.0,0.0,0.12,0.0,0.03,0.0,0.0,0.0,0.74,0.89,1.88,0.16,2.06,0.62,0.45,0.77,1.26,0.98,0.19,0.84,0.66,0.97,0.63,0.17,0.52,0.88,2.16,0.0,0.0,0.0,0.0
miso_,2.01,4.55,1.03,0.93,34.2,0.0,1.07,1.03,1.03,0.0,0.0,0.03,0.0,0.03,0.0,0.45,0.48,2.56,0.21,0.55,0.2,0.0,9.3,1.76,0.0,0.0,7.39,0.02,0.04,0.16,0.6,0.03,0.01,0.0,12.41,3.27,0.06,0.0,14.95,0.75,1.5,0.0,1.5,0.0,8.94,8.94,0.0,0.0,0.0,0.0,0.0,0.0,5.04,0.0,9.8,0.0,0.0,0.07,0.0,0.0,0.43,8.25,0.15,0.0,27.33,36.09,1.2,640.75,0.44,0.08,0.47,0.0,0.0,0.01,0.2,0.0,0.0,0.0,0.47,0.0,0.08,0.0,0.0,0.0,0.0,0.0,0.0,0.0,0.0,0.0,0.0,0.0,0.0,0.0,0.14,0.0,0.04,0.0,0.01,0.0,0.09,0.13,0.2,0.0,0.33,0.08,0.04,0.09,0.14,0.08,0.02,0.08,0.11,0.1,0.08,0.03,0.06,0.09,2.2,0.0,0.0,0.0,0.75
navy_beans_cooked,14.98,47.41,1.13,19.11,254.8,0.0,0.67,0.0,0.0,0.0,0.0,0.67,0.0,0.0,0.67,5.55,13.56,27.63,0.22,0.76,0.15,0.0,10.16,1.36,0.0,0.0,116.13,0.43,0.12,1.18,4.21,0.25,0.0,0.0,81.35,254.8,0.48,1.64,0.0,0.0,0.0,0.0,0.0,0.0,0.0,0.0,0.0,0.0,0.0,0.0,0.0,0.02,1.09,494.0,125.58,0.0,0.0,0.38,0.0,0.0,4.3,96.46,0.96,0.0,262.08,707.98,5.28,0.0,1.87,0.32,0.25,0.0,0.0,0.0,0.13,0.0,0.0,0.0,0.25,0.0,0.32,0.0,0.0,0.0,0.0,0.0,0.0,0.0,0.0,0.0,0.0,0.0,0.0,0.0,0.12,0.0,0.03,0.0,0.0,0.0,0.67,0.76,1.92,0.14,2.29,0.59,0.37,0.7,1.27,0.95,0.2,0.86,0.83,0.87,0.53,0.18,0.36,0.92,2.37,0.0,0.0,0.0,0.0
pinto_beans_cooked,15.41,44.84,1.11,15.39,244.53,0.0,0.58,0.0,0.0,0.0,0.0,0.58,0.0,0.0,0.58,0.0,0.0,28.86,0.23,0.4,0.23,0.0,10.0,2.09,0.0,0.0,107.64,0.33,0.11,0.54,3.62,0.39,0.0,0.0,60.36,294.12,0.36,1.37,0.0,0.0,0.0,0.0,0.0,0.0,0.0,0.0,0.0,0.0,0.0,0.0,0.0,1.61,5.98,573.35,78.66,0.0,0.0,0.37,0.0,0.0,3.57,85.5,0.77,128.25,251.37,745.56,10.6,1.71,1.68,0.23,0.17,0.0,0.0,0.0,0.23,0.0,0.0,0.0,0.17,0.0,0.23,0.0,0.0,0.0,0.0,0.0,0.0,0.0,0.0,0.0,0.0,0.0,0.0,0.0,0.23,0.0,0.01,0.0,0.0,0.0,0.7,0.84,1.93,0.14,2.47,0.62,0.42,0.73,1.31,1.08,0.2,0.91,0.88,0.97,0.57,0.18,0.36,0.89,2.0,0.0,0.0,0.0,0.0
soy_sauce_tamari,1.89,1.0,0.02,0.14,10.8,0.0,0.31,0.0,0.0,0.0,0.0,0.0,0.0,0.0,0.0,0.0,0.0,0.55,0.0,0.01,0.0,0.0,0.16,0.02,0.0,0.0,11.88,0.01,0.03,0.71,1.25,0.04,0.0,0.0,6.91,3.24,0.07,0.0,0.0,0.0,0.0,0.0,0.0,0.0,0.0,0.0,0.0,0.0,0.0,0.0,0.0,0.0,0.0,0.0,3.6,0.0,0.0,0.02,0.0,0.0,0.43,7.2,0.09,0.0,23.4,38.16,0.14,1005.48,0.08,0.0,0.01,0.0,0.0,0.0,0.0,0.0,0.0,0.0,0.01,0.0,0.0,0.0,0.0,0.0,0.0,0.0,0.0,0.0,0.0,0.0,0.0,0.0,0.0,0.0,0.0,0.0,0.0,0.0,0.0,0.0,0.1,0.07,0.16,0.02,0.43,0.08,0.04,0.09,0.13,0.13,0.03,0.1,0.15,0.09,0.07,0.03,0.06,0.09,3.21,0.0,0.0,0.0,0.0
soybeans_cooked,28.62,17.08,15.43,10.32,297.56,0.0,5.16,0.0,0.0,0.0,0.0,0.0,0.0,0.0,0.0,4.23,6.09,1.6,3.41,8.71,2.23,0.0,138.86,20.08,0.0,0.0,107.59,0.27,0.49,0.69,7.24,0.4,0.0,0.0,81.7,92.88,0.31,2.92,15.48,0.77,1.55,0.0,1.55,0.0,8.6,8.6,0.0,0.0,0.0,0.0,0.0,0.6,33.02,0.0,175.44,0.0,0.0,0.7,0.0,0.0,8.84,147.92,1.42,129.0,421.4,885.8,12.56,1.72,1.98,1.03,7.68,0.0,0.04,0.0,3.36,0.0,0.0,0.0,7.68,0.0,1.03,0.0,0.0,0.0,0.0,0.0,0.0,0.0,0.0,0.0,0.0,0.0,0.04,0.0,1.64,0.0,0.55,0.0,0.0,0.0,1.27,2.1,3.4,0.44,5.24,1.25,0.73,1.31,2.2,1.8,0.36,1.41,1.58,1.57,1.18,0.39,1.02,1.35,3.29,0.0,0.0,0.0,0.77
tempeh_cooked,20.63,10.6,12.9,12.0,222.26,0.0,0.0,0.0,0.0,0.0,0.0,0.0,0.0,0.0,0.0,0.0,0.0,0.0,4.25,2.99,3.86,0.0,116.14,34.7,0.0,0.0,67.54,0.06,0.4,2.42,2.42,0.23,0.16,0.0,0.0,23.81,0.51,0.0,0.0,0.0,0.0,0.0,0.0,0.0,0.0,0.0,0.0,0.0,0.0,0.0,0.0,0.0,0.0,0.0,108.86,0.0,0.0,0.61,0.0,0.0,2.42,87.32,1.46,0.0,286.9,454.73,0.0,15.88,1.78,0.14,2.86,0.0,0.11,0.08,3.94,0.11,0.0,0.0,2.86,0.0,0.14,0.0,0.0,0.0,0.0,0.0,0.0,0.0,0.0,0.0,0.0,0.0,0.06,0.0,2.49,0.06,0.91,0.11,0.23,0.0,0.0,0.0,0.0,0.0,0.0,0.0,0.0,0.0,0.0,0.0,0.0,0.0,0.0,0.0,0.0,0.0,0.0,0.0,1.73,0.0,0.0,0.0,0.0
tofu_firm,17.89,4.84,9.89,2.61,164.43,0.0,0.0,0.0,0.0,0.0,0.0,0.0,0.0,0.0,0.0,1.25,1.36,0.0,2.18,5.58,1.43,0.0,88.99,12.87,0.0,0.0,79.19,0.18,0.12,0.43,5.08,0.1,0.0,0.0,0.0,32.89,0.15,0.23,188.24,9.41,18.82,0.0,18.82,0.0,0.0,112.94,0.0,0.0,0.0,0.0,0.0,0.0,0.0,0.0,774.51,0.0,0.0,0.43,0.0,0.0,3.02,65.77,1.34,0.0,215.46,268.75,19.73,15.88,1.78,0.66,4.92,0.0,0.03,0.0,2.16,0.0,0.0,0.0,4.92,0.0,0.66,0.0,0.0,0.0,0.0,0.0,0.0,0.0,0.0,0.0,0.0,0.0,0.03,0.0,1.05,0.0,0.35,0.0,0.0,0.0,0.73,1.19,1.98,0.25,3.09,0.7,0.52,0.89,1.36,1.18,0.23,0.87,0.97,0.84,0.73,0.28,0.6,0.9,1.59,0.0,0.0,0.0,9.41
beef_grass-fed_strip_steak_cooked,26.16,0.0,8.1,0.0,175.0,0.0,0.0,0.0,0.0,0.0,0.0,0.0,0.0,0.0,0.0,0.0,0.0,0.0,2.8,2.5,2.8,0.13,72.9,25.2,1.15,74.0,83.26,0.06,0.14,7.6,7.6,0.74,1.44,0.0,73.82,14.74,0.77,0.0,85.0,4.25,8.5,0.0,8.5,0.0,51.0,8.5,0.0,14.7,0.0,0.0,0.0,0.25,1.02,0.0,10.21,0.0,0.0,0.08,0.0,0.0,2.04,26.08,0.01,0.0,240.4,387.82,23.93,62.37,4.09,1.1,1.5,0.01,0.08,0.0,1.03,0.0,0.0,0.0,1.49,2.27,0.02,0.0,0.0,0.01,0.26,0.0,0.04,0.0,0.0,0.0,0.0,0.0,0.07,0.01,0.65,0.03,0.4,0.0,0.0,0.0,1.59,1.69,2.38,0.33,3.93,1.59,0.83,1.18,2.08,2.21,0.68,1.03,1.25,1.03,1.04,0.17,0.83,1.3,1.92,0.0,0.0,0.0,4.25
chicken_pasture-raised_breast_roasted,35.18,0.0,4.05,0.0,187.11,0.0,0.0,0.0,0.0,0.0,0.0,0.0,0.0,0.0,0.0,0.0,0.0,0.0,1.41,0.87,1.15,0.0,36.43,10.31,0.0,85.0,74.0,0.08,0.13,15.55,22.39,0.68,0.39,0.0,96.73,4.54,1.09,0.0,23.81,6.8,0.0,6.8,6.8,0.0,0.0,0.0,0.0,0.0,0.0,5.67,0.11,0.31,0.34,0.0,17.01,0.0,0.67,0.06,0.0,0.0,1.18,32.89,0.02,0.0,258.55,290.3,31.3,83.91,1.13,0.08,0.74,0.0,0.17,0.0,1.18,0.03,0.0,0.0,0.67,0.0,0.03,0.0,0.0,0.07,0.01,0.01,0.02,0.0,0.0,0.0,0.0,0.01,0.03,0.0,0.78,0.0,0.28,0.0,0.0,0.0,1.92,2.12,3.13,0.45,5.27,1.73,1.09,1.86,2.64,2.99,0.97,1.4,1.45,1.21,1.49,0.41,1.19,1.75,1.2,0.0,0.0,0.0,6.8
lamb_grass-fed_lean_loin_roasted,25.57,0.0,23.13,0.0,310.45,0.0,0.0,0.0,0.0,0.0,0.0,0.0,0.0,0.0,0.0,0.0,0.0,0.0,10.98,0.54,11.61,0.0,208.17,104.51,0.0,107.73,59.53,0.11,0.27,8.05,13.04,0.12,2.51,1.13,100.24,21.55,0.74,0.0,340.23,17.12,0.0,34.23,34.23,0.0,0.0,0.0,0.0,0.0,0.0,2.27,0.11,0.98,5.33,0.0,20.41,0.0,0.0,0.13,0.0,0.0,2.4,26.08,0.02,3.86,204.12,278.96,27.9,72.57,3.87,0.16,0.38,0.0,0.78,0.0,9.85,0.0,0.0,0.0,0.37,0.03,0.14,0.0,0.0,0.01,0.01,0.01,0.0,0.0,0.0,0.0,0.07,0.11,1.05,0.0,5.85,0.0,3.67,0.0,0.0,0.0,1.54,1.52,2.25,0.31,3.71,1.25,0.81,1.23,1.99,2.26,0.66,1.04,1.07,0.95,1.09,0.3,0.86,1.38,1.32,0.0,0.0,0.0,17.12
turkey_pasture-raised_light_meat_roasted,34.17,0.0,2.36,0.0,166.7,0.0,0.0,0.0,0.0,0.0,0.0,0.0,0.0,0.0,0.0,0.0,0.0,0.0,0.71,0.6,0.67,0.03,21.23,6.05,0.24,90.72,76.97,0.04,0.23,13.32,19.39,0.92,0.42,0.0,94.57,11.34,1.02,0.0,12.47,3.4,3.4,3.4,0.0,0.0,0.0,0.0,0.0,0.0,0.0,11.34,0.34,0.07,0.0,0.0,10.21,0.0,0.0,0.07,0.0,0.0,0.81,36.29,0.01,3.86,260.82,282.36,34.25,112.26,1.95,0.04,0.54,0.0,0.06,0.0,0.63,0.01,0.0,0.0,0.49,0.0,0.02,0.0,0.01,0.05,0.0,0.01,0.0,0.0,0.0,0.0,0.0,0.01,0.02,0.0,0.42,0.01,0.21,0.0,0.0,0.0,1.85,1.93,2.73,0.32,4.63,1.46,0.93,0.98,2.37,2.82,0.89,1.1,1.85,1.35,1.24,0.36,1.01,1.09,1.38,0.0,0.0,0.0,3.4
cheese_grass_fed_cheddar_whole_milk,7.06,0.36,9.23,0.0,114.25,0.0,0.18,0.0,0.0,0.0,0.0,0.18,0.07,0.04,0.07,0.0,0.0,0.22,2.82,0.57,5.4,0.0,83.07,48.6,0.0,29.77,10.42,0.01,0.11,0.02,1.41,0.02,0.24,0.85,4.68,5.1,0.12,0.0,241.45,63.86,77.11,62.17,3.37,0.0,20.49,20.49,0.0,0.0,0.0,6.8,0.17,0.12,0.79,5.06,204.4,292.0,0.0,0.01,0.01,10.91,0.19,7.94,0.0,1.3,145.15,27.78,3.94,176.05,0.88,0.22,0.35,0.0,0.33,0.0,2.37,0.0,0.0,0.0,0.35,0.03,0.2,0.0,0.0,0.0,0.0,0.0,0.02,0.27,0.14,0.07,0.15,0.14,0.85,0.0,2.51,0.0,1.03,0.0,0.0,0.0,0.18,0.25,0.42,0.03,1.59,0.11,0.23,0.4,0.62,0.54,0.17,0.34,0.73,0.38,0.23,0.08,0.31,0.43,1.11,0.0,0.0,0.0,63.86
cow's_milk_grass-fed,3.84,5.86,3.65,0.0,74.42,0.0,5.86,0.0,0.0,0.0,0.0,5.86,5.86,0.0,0.0,0.0,0.0,0.0,0.99,0.21,2.28,0.12,32.89,20.48,1.07,12.2,107.52,0.06,0.21,0.11,0.87,0.04,0.55,2.32,17.45,6.1,0.46,0.0,197.64,56.12,2.44,54.9,57.34,0.0,8.54,8.54,0.0,0.0,0.0,62.22,1.59,0.13,0.37,15.99,137.86,122.0,0.06,0.03,0.0,28.06,0.04,12.2,0.0,2.44,102.48,161.04,4.51,52.46,0.45,0.06,0.15,0.0,0.0,0.0,0.99,0.0,0.0,0.0,0.15,0.08,0.05,0.0,0.0,0.0,0.0,0.01,0.0,0.09,0.09,0.09,0.09,0.09,0.36,0.0,1.01,0.0,0.44,0.0,0.0,0.0,0.12,0.1,0.31,0.02,0.81,0.07,0.11,0.19,0.34,0.3,0.09,0.19,0.36,0.22,0.15,0.05,0.18,0.24,0.82,0.0,0.0,0.0,56.12
eggs_pasture-raised_large_hard_boiled,6.29,0.56,5.32,0.0,77.5,0.0,0.56,0.0,0.0,0.0,0.0,0.0,0.0,0.0,0.0,0.0,0.0,0.0,2.04,0.73,1.63,0.0,47.74,14.7,0.0,165.0,37.31,0.03,0.26,0.03,1.31,0.06,0.55,8.0,146.9,22.0,0.7,0.0,260.0,74.5,1.0,74.0,75.0,0.0,5.5,8.0,5.0,176.5,0.0,43.5,1.1,0.87,0.15,6.0,25.0,80.0,0.2,0.01,0.0,27.0,0.59,5.0,0.01,8.5,86.0,63.0,15.4,62.0,0.52,0.06,0.67,0.0,0.15,0.0,1.86,0.01,0.0,0.0,0.6,0.02,0.02,0.0,0.0,0.07,0.0,0.0,0.03,0.0,0.0,0.0,0.0,0.0,0.02,0.0,1.17,0.0,0.41,0.0,0.0,0.0,0.35,0.38,0.63,0.15,0.82,0.21,0.15,0.34,0.54,0.45,0.2,0.33,0.25,0.47,0.3,0.08,0.26,0.38,0.54,0.0,0.0,0.0,74.5
yogurt_grass_fed_whole_milk,8.5,11.42,7.96,0.0,149.45,0.0,11.42,2.47,0.0,0.0,0.0,8.95,8.95,0.0,0.0,0.0,0.0,0.0,2.19,0.23,5.14,0.0,71.66,46.22,0.0,31.85,215.36,0.07,0.35,0.18,0.93,0.08,0.91,3.92,37.24,17.15,0.95,1.23,242.55,67.17,2.04,66.15,68.19,0.0,12.25,12.25,0.0,0.0,0.0,4.9,0.25,0.15,0.49,0.0,296.45,416.5,0.0,0.02,0.03,71.05,0.12,29.4,0.01,11.27,232.75,379.75,5.39,112.7,1.45,0.07,0.16,0.0,0.17,0.0,1.82,0.0,0.0,0.0,0.16,0.08,0.07,0.0,0.0,0.0,0.0,0.0,0.0,0.24,0.16,0.1,0.23,0.27,0.84,0.0,2.17,0.0,0.78,0.0,0.0,0.0,0.33,0.23,0.62,0.07,1.52,0.19,0.19,0.42,0.78,0.7,0.23,0.42,0.92,0.48,0.32,0.04,0.39,0.64,1.76,0.0,0.0,0.0,67.17
cod_pacific_fillet_baked,21.24,0.0,0.57,0.0,96.39,0.0,0.0,0.0,0.0,0.0,0.0,0.0,0.0,0.0,0.0,0.0,0.0,0.0,0.1,0.23,0.12,0.01,5.1,1.07,0.06,64.64,91.07,0.04,0.06,1.52,5.89,0.15,2.62,0.0,90.38,9.07,0.41,0.0,7.94,2.27,0.0,2.27,2.27,0.0,0.0,0.0,0.0,0.0,0.0,27.22,0.68,0.76,0.0,0.0,11.34,0.0,0.0,0.03,0.0,132.0,0.23,27.22,0.02,3.86,391.22,327.72,31.75,421.84,0.44,0.19,0.04,0.0,0.01,0.02,0.06,0.01,0.0,0.01,0.02,0.0,0.0,0.0,0.0,0.01,0.05,0.01,0.13,0.0,0.0,0.0,0.0,0.0,0.0,0.0,0.08,0.0,0.03,0.0,0.0,0.0,1.22,1.37,2.12,0.19,3.2,0.99,0.45,0.94,1.69,1.95,0.58,0.83,0.71,0.9,0.92,0.26,0.77,1.02,2.04,0.0,0.0,0.0,2.27
salmon_wild_coho_broiled,26.59,0.0,4.88,0.0,157.62,0.0,0.0,0.0,0.0,0.0,0.0,0.0,0.0,0.0,0.0,0.0,0.0,0.0,1.79,1.44,1.2,0.0,43.89,10.76,0.0,62.37,81.08,0.09,0.16,9.02,13.99,0.64,5.67,4.54,81.65,14.74,0.92,1.59,191.64,57.83,0.0,57.83,57.83,0.0,0.0,0.0,0.0,0.0,0.0,511.43,12.81,1.04,0.11,0.0,51.03,0.0,0.0,0.08,0.0,32.0,0.69,37.42,0.02,3.86,365.14,492.15,43.09,65.77,0.64,1.32,0.09,0.0,0.31,0.0,0.98,0.31,0.17,0.0,0.06,0.0,0.06,0.06,0.0,0.02,0.45,0.0,0.75,0.0,0.0,0.0,0.0,0.0,0.17,0.0,0.77,0.0,0.18,0.0,0.0,0.0,1.61,1.59,2.72,0.28,3.97,1.28,0.78,1.23,2.16,2.44,0.79,1.04,0.94,1.09,1.17,0.3,0.9,1.37,1.47,0.0,0.0,0.0,57.83
sardines_atlantic_canned,22.33,0.0,10.39,0.0,188.69,0.0,0.0,0.0,0.0,0.0,0.0,0.0,0.0,0.0,0.0,0.0,0.0,0.0,3.51,4.67,1.39,0.0,93.49,12.48,0.0,128.82,54.08,0.07,0.21,4.76,8.93,0.15,8.11,0.0,68.04,9.07,0.58,0.0,97.98,29.03,0.0,29.03,29.03,0.0,0.0,0.0,0.0,0.0,0.0,175.09,4.35,1.85,2.36,0.0,346.54,0.0,0.0,0.17,0.0,36.0,2.65,35.38,0.1,3.08,444.52,360.15,47.81,458.13,1.19,1.46,3.21,0.0,0.2,0.0,1.95,0.38,0.98,0.0,3.21,0.0,0.45,0.11,0.0,0.0,0.43,0.0,0.46,0.0,0.0,0.0,0.0,0.0,0.17,0.0,0.9,0.0,0.31,0.0,0.0,0.0,1.35,1.34,2.29,0.24,3.33,1.07,0.66,1.03,1.82,2.05,0.66,0.87,0.79,0.91,0.98,0.25,0.75,1.15,3.07,0.0,0.0,0.0,29.03
scallops_steamed,23.29,6.13,0.95,0.0,125.87,0.0,0.0,0.0,0.0,0.0,0.0,0.0,0.0,0.0,0.0,0.0,0.0,6.13,0.09,0.25,0.25,0.01,8.57,2.22,0.09,46.49,79.66,0.01,0.03,1.22,4.49,0.13,2.44,0.0,125.53,22.68,0.42,0.0,5.67,2.27,0.0,2.27,2.27,0.0,0.0,0.0,0.0,0.0,0.0,2.27,0.0,0.0,0.0,0.0,11.34,0.0,0.0,0.04,0.0,135.0,0.66,41.96,0.03,0.0,483.08,356.07,24.61,756.37,1.76,0.22,0.03,0.0,0.02,0.0,0.06,0.01,0.0,0.0,0.02,0.0,0.01,0.01,0.0,0.01,0.08,0.01,0.12,0.0,0.0,0.0,0.0,0.0,0.01,0.01,0.16,0.01,0.06,0.0,0.0,0.0,1.03,1.25,1.78,0.23,2.71,2.0,0.36,0.78,1.39,1.43,0.55,0.68,0.55,0.7,0.71,0.2,0.57,0.73,3.37,0.0,0.0,0.0,2.27
shrimp_large_steamed,25.83,1.72,1.93,0.0,134.94,0.0,0.0,0.0,0.0,0.0,0.0,0.0,0.0,0.0,0.0,0.0,0.0,1.72,0.41,0.67,0.59,0.04,17.35,5.32,0.36,239.27,81.15,0.04,0.03,3.04,7.66,0.27,1.88,0.0,153.54,27.22,0.59,0.0,341.33,102.06,0.0,102.06,102.06,0.0,0.0,0.0,0.0,0.0,0.0,4.54,0.11,2.49,0.45,0.0,103.19,0.0,0.0,0.29,0.0,46.0,0.36,41.96,0.06,0.0,347.0,192.78,56.13,1073.88,1.85,0.34,0.29,0.0,0.05,0.1,0.25,0.01,0.0,0.0,0.22,0.0,0.01,0.0,0.01,0.08,0.15,0.01,0.16,0.0,0.0,0.0,0.0,0.01,0.02,0.02,0.32,0.03,0.18,0.0,0.0,0.01,1.5,2.4,2.71,0.29,4.27,1.43,0.53,1.12,2.08,2.32,0.71,1.06,1.12,0.99,0.96,0.28,0.92,1.14,3.53,0.0,0.0,0.0,102.06
tuna_yellowfin_fillet_baked,33.06,0.0,0.67,0.0,147.42,0.0,0.0,0.0,0.0,0.0,0.0,0.0,0.0,0.0,0.0,0.0,0.0,0.0,0.16,0.2,0.23,0.02,6.02,2.09,0.2,53.3,78.22,0.15,0.16,25.03,30.94,1.18,2.66,0.0,88.0,2.27,0.38,0.0,73.71,24.95,0.0,24.95,24.95,0.0,0.0,0.0,0.0,0.0,0.0,92.99,2.27,0.33,0.11,0.0,4.54,0.0,0.0,0.05,0.0,23.0,1.04,47.63,0.01,3.86,377.62,597.61,122.7,61.23,0.51,0.14,0.05,0.0,0.02,0.0,0.11,0.01,0.0,0.01,0.03,0.0,0.0,0.01,0.0,0.02,0.02,0.01,0.12,0.0,0.0,0.0,0.0,0.0,0.01,0.0,0.14,0.01,0.06,0.0,0.0,0.0,1.92,1.89,3.24,0.34,4.73,1.52,0.93,1.46,2.57,2.91,0.94,1.24,1.12,1.29,1.39,0.35,1.07,1.63,2.22,0.0,0.0,0.0,24.95
barley_hulled_dry,7.65,45.07,1.41,10.61,217.12,0.0,0.49,0.0,0.0,0.0,0.0,0.0,0.0,0.0,0.0,2.15,8.46,33.97,0.18,0.68,0.3,0.0,12.7,2.66,0.0,0.0,5.79,0.4,0.17,2.82,4.95,0.2,0.0,1.27,23.65,11.65,0.17,0.0,13.49,0.67,1.35,0.0,1.35,0.0,7.97,7.97,0.0,98.13,0.0,0.0,0.0,0.35,1.35,0.0,20.24,0.0,8.16,0.31,0.0,4.4,2.21,81.57,1.19,26.99,161.92,277.23,23.12,7.36,1.7,0.07,0.61,0.0,0.0,0.0,0.15,0.0,0.0,0.0,0.61,0.0,0.07,0.0,0.0,0.0,0.0,0.0,0.0,0.0,0.0,0.0,0.0,0.0,0.01,0.0,0.25,0.0,0.01,0.0,0.0,0.0,0.3,0.38,0.48,0.17,2.0,0.28,0.17,0.28,0.52,0.29,0.15,0.43,0.91,0.32,0.26,0.13,0.22,0.38,1.4,0.0,0.0,0.0,0.67
brown_rice_long_grain_cooked,5.03,44.77,1.75,3.51,216.45,0.0,0.68,0.0,0.0,0.0,0.0,0.68,0.0,0.0,0.68,0.39,3.12,40.58,0.64,0.63,0.35,0.0,15.79,3.16,0.0,0.0,142.53,0.19,0.05,2.98,4.05,0.28,0.0,1.54,17.94,7.8,0.56,0.0,0.0,0.0,0.0,0.0,0.0,0.0,0.0,0.0,0.0,0.0,0.0,0.0,0.0,0.06,1.17,0.0,19.5,448.5,0.78,0.19,0.0,0.0,0.82,83.85,1.76,0.0,161.85,83.85,19.11,9.75,1.23,0.03,0.6,0.0,0.01,0.0,0.63,0.0,0.0,0.0,0.6,0.0,0.03,0.0,0.0,0.0,0.0,0.0,0.0,0.0,0.0,0.0,0.0,0.0,0.01,0.0,0.3,0.0,0.03,0.0,0.0,0.0,0.29,0.38,0.47,0.06,1.02,0.25,0.13,0.21,0.42,0.19,0.11,0.26,0.24,0.26,0.19,0.06,0.19,0.29,0.9,0.0,0.0,0.0,0.0
buckwheat_groats_cooked,5.68,33.5,1.04,4.54,154.56,0.0,1.51,0.0,0.17,0.34,0.0,0.0,0.0,0.0,0.67,0.0,0.0,27.45,0.32,0.32,0.23,0.0,9.37,2.03,0.0,0.0,127.06,0.07,0.07,1.58,2.95,0.13,0.0,0.0,33.77,23.52,0.6,0.0,0.0,0.0,0.0,0.0,0.0,0.0,0.0,0.0,0.0,100.8,0.0,0.0,0.0,0.15,3.19,0.0,11.76,0.0,0.0,0.25,0.0,0.0,1.34,85.68,0.68,0.0,117.6,147.84,3.7,6.72,1.02,0.02,0.29,0.0,0.01,0.0,0.3,0.0,0.0,0.0,0.29,0.0,0.02,0.0,0.0,0.0,0.0,0.0,0.0,0.0,0.0,0.01,0.01,0.0,0.01,0.0,0.14,0.0,0.02,0.0,0.0,0.0,0.32,0.42,0.49,0.1,0.88,0.44,0.13,0.21,0.36,0.29,0.07,0.22,0.22,0.29,0.22,0.08,0.1,0.29,0.72,0.0,0.0,0.0,0.0
millet_cooked,6.11,41.19,1.74,2.26,207.06,0.0,0.23,0.0,0.0,0.0,0.0,0.0,0.0,0.0,0.0,1.22,1.04,38.7,0.32,0.88,0.3,0.0,15.66,2.69,0.0,0.0,124.25,0.18,0.14,2.31,3.42,0.19,0.0,0.0,19.49,33.06,0.3,0.0,5.22,0.26,0.52,0.0,0.52,0.0,3.48,3.48,0.0,121.8,0.0,0.0,0.0,0.03,0.52,0.0,5.22,0.0,0.0,0.28,0.0,0.0,1.1,76.56,0.47,0.0,174.0,107.88,1.57,3.48,1.58,0.05,0.84,0.0,0.01,0.0,0.31,0.01,0.0,0.0,0.84,0.0,0.05,0.0,0.0,0.0,0.0,0.0,0.0,0.0,0.0,0.0,0.0,0.0,0.0,0.0,0.22,0.0,0.06,0.0,0.0,0.0,0.55,0.21,0.4,0.12,1.33,0.16,0.13,0.26,0.78,0.12,0.12,0.32,0.49,0.36,0.2,0.07,0.19,0.32,0.71,0.0,0.0,0.0,0.26
oats_unprocessed_dry,6.59,25.85,2.69,4.13,151.71,0.0,0.0,0.0,0.0,0.0,0.0,0.0,0.0,0.0,0.0,1.65,2.48,0.0,0.85,0.99,0.47,0.0,24.22,4.27,0.0,0.0,3.21,0.3,0.05,0.37,1.9,0.05,0.0,7.8,6.63,21.84,0.53,0.0,0.0,0.0,0.0,0.0,0.0,0.0,0.0,0.0,0.0,0.0,0.0,0.0,0.0,0.0,0.0,0.0,21.06,49.14,5.38,0.24,0.0,2.47,1.84,69.03,1.92,28.86,203.97,167.31,0.0,0.78,1.55,0.04,0.95,0.0,0.01,0.0,0.84,0.0,0.0,0.0,0.95,0.0,0.04,0.0,0.0,0.0,0.0,0.0,0.0,0.0,0.0,0.0,0.0,0.01,0.01,0.0,0.4,0.0,0.03,0.0,0.0,0.0,0.34,0.46,0.56,0.16,1.45,0.33,0.16,0.27,0.5,0.27,0.12,0.35,0.36,0.29,0.22,0.09,0.22,0.37,0.67,0.0,0.0,0.0,0.0
quinoa_cooked,8.14,39.4,3.55,5.18,222.0,32.62,1.61,0.0,0.0,0.0,0.0,0.0,0.0,0.0,0.0,0.0,0.0,32.62,0.98,1.99,0.43,0.0,31.97,3.85,0.0,0.0,132.48,0.2,0.2,0.76,2.37,0.23,0.0,0.0,42.55,77.7,0.5,0.0,9.25,0.46,0.92,0.0,0.92,0.0,5.55,5.55,0.0,98.05,0.0,0.0,0.0,1.17,0.0,0.0,31.45,0.0,0.0,0.36,0.0,0.0,2.76,118.4,1.17,0.0,281.2,318.2,5.18,12.95,2.02,0.18,1.81,0.0,0.0,0.0,0.86,0.06,0.05,0.0,1.8,0.0,0.16,0.0,0.0,0.01,0.0,0.0,0.03,0.0,0.0,0.0,0.0,0.0,0.0,0.0,0.36,0.0,0.02,0.0,0.0,0.0,0.34,0.63,0.65,0.12,1.07,0.4,0.23,0.29,0.48,0.44,0.18,0.34,0.44,0.33,0.24,0.1,0.15,0.34,1.41,0.0,0.0,0.0,0.46
rye_whole_grain_dry,5.77,42.31,0.91,8.42,188.5,0.0,0.55,0.15,0.06,0.09,0.0,0.4,0.0,0.0,0.4,0.98,7.44,33.34,0.12,0.43,0.11,0.0,8.18,0.99,0.0,0.0,5.91,0.18,0.14,2.38,3.39,0.16,0.0,0.0,16.95,21.19,0.81,0.0,6.13,0.31,0.61,0.0,0.61,0.0,3.9,3.9,0.0,117.12,0.0,0.0,0.0,0.47,3.29,0.0,13.38,0.0,0.0,0.2,0.0,0.0,1.47,61.35,1.44,0.0,185.16,284.43,7.75,1.12,1.48,0.06,0.37,0.0,0.0,0.0,0.11,0.0,0.0,0.0,0.37,0.0,0.06,0.0,0.0,0.0,0.0,0.0,0.0,0.0,0.0,0.0,0.0,0.0,0.0,0.0,0.1,0.0,0.0,0.0,0.0,0.0,0.23,0.25,0.31,0.0,1.28,0.23,0.11,0.12,0.31,0.16,0.09,0.24,0.45,0.26,0.16,0.06,0.11,0.18,0.88,0.0,0.0,0.0,0.31
wheat_bulgar_cooked,5.61,33.82,0.44,8.19,151.06,0.0,0.18,0.0,0.0,0.0,0.0,0.0,0.0,0.0,0.0,1.38,6.81,25.44,0.06,0.18,0.08,0.0,3.93,0.69,0.0,0.0,141.52,0.1,0.05,1.82,3.28,0.15,0.0,0.0,12.56,32.76,0.63,0.0,3.64,0.18,0.36,0.0,0.36,0.0,1.82,1.82,0.0,98.28,0.0,0.0,0.0,0.02,0.91,0.0,18.2,0.0,0.0,0.14,0.0,0.0,1.75,58.24,1.11,0.0,72.8,123.76,1.09,9.1,1.04,0.01,0.17,0.0,0.0,0.0,0.05,0.0,0.0,0.0,0.17,0.0,0.01,0.0,0.0,0.0,0.0,0.0,0.0,0.0,0.0,0.0,0.0,0.0,0.0,0.0,0.07,0.0,0.0,0.0,0.0,0.0,0.2,0.26,0.29,0.13,1.77,0.23,0.13,0.21,0.38,0.15,0.09,0.26,0.58,0.26,0.16,0.09,0.16,0.25,0.62,0.0,0.0,0.0,0.18
basil_chopped_fresh,0.67,0.56,0.14,0.34,4.88,0.0,0.06,0.06,0.0,0.0,0.06,0.0,0.0,0.0,0.0,0.0,0.0,0.16,0.02,0.08,0.01,0.0,1.22,0.08,0.0,0.0,19.52,0.01,0.02,0.19,0.33,0.03,0.0,0.0,2.42,14.42,0.04,3.82,1118.3,55.91,111.83,0.0,111.83,0.0,666.1,670.98,9.75,1197.8,0.0,0.0,0.0,0.17,87.94,0.0,37.52,0.0,0.0,0.08,0.0,0.0,0.67,13.57,0.24,0.0,11.87,62.54,0.06,0.85,0.17,0.07,0.02,0.0,0.0,0.0,0.02,0.0,0.0,0.0,0.02,0.0,0.07,0.0,0.0,0.0,0.0,0.0,0.0,0.0,0.0,0.0,0.0,0.0,0.0,0.0,0.01,0.0,0.0,0.0,0.0,0.0,0.03,0.02,0.06,0.01,0.06,0.03,0.01,0.02,0.04,0.02,0.01,0.03,0.02,0.02,0.02,0.01,0.02,0.03,0.32,0.0,0.0,0.0,55.91
black_pepper_whole_peppercorns,0.6,3.71,0.19,1.47,14.56,0.0,0.04,0.04,0.01,0.01,0.01,0.0,0.0,0.0,0.0,0.0,0.0,2.2,0.04,0.06,0.08,0.0,1.7,0.73,0.0,0.0,0.72,0.01,0.01,0.07,0.12,0.02,0.0,0.0,0.66,0.99,0.08,0.0,31.73,1.59,3.17,0.0,3.17,0.7,17.98,19.05,1.45,26.33,1.16,0.0,0.0,0.06,9.49,0.0,25.69,0.0,0.93,0.08,0.0,0.0,0.56,9.92,0.74,0.0,9.16,77.08,0.28,1.16,0.07,0.01,0.04,0.0,0.0,0.0,0.04,0.0,0.0,0.0,0.04,0.0,0.01,0.0,0.01,0.0,0.0,0.0,0.0,0.0,0.0,0.01,0.0,0.01,0.0,0.0,0.03,0.0,0.02,0.0,0.0,0.0,0.04,0.02,0.08,0.01,0.08,0.03,0.01,0.02,0.06,0.01,0.01,0.03,0.08,0.02,0.01,0.0,0.03,0.03,0.26,0.0,0.0,0.0,1.59
chili_peppers_hot_dried,0.73,2.68,0.77,1.88,15.23,0.0,0.39,0.35,0.23,0.12,0.0,0.04,0.0,0.0,0.04,0.0,0.0,0.42,0.17,0.43,0.13,0.0,6.94,1.2,0.0,0.0,0.58,0.01,0.05,0.63,0.69,0.11,0.0,0.0,3.59,1.51,0.05,0.04,1601.1,80.05,160.11,0.0,160.11,112.86,810.0,960.66,188.46,16.74,1.13,0.0,0.0,2.06,5.71,0.0,17.82,0.0,0.0,0.05,0.0,0.0,0.93,8.05,0.09,0.0,16.2,105.3,1.1,88.56,0.23,0.03,0.4,0.0,0.0,0.0,0.17,0.0,0.0,0.0,0.4,0.0,0.03,0.0,0.0,0.0,0.0,0.0,0.0,0.0,0.0,0.0,0.0,0.0,0.01,0.0,0.09,0.0,0.02,0.0,0.0,0.0,0.02,0.03,0.09,0.01,0.09,0.03,0.01,0.02,0.03,0.02,0.01,0.02,0.07,0.01,0.01,0.0,0.01,0.03,0.64,0.0,0.0,0.0,80.05
cilantro_leaf_fresh,0.17,0.29,0.04,0.22,1.84,0.0,0.07,0.0,0.0,0.0,0.0,0.0,0.0,0.0,0.0,0.0,0.0,0.0,0.02,0.0,0.0,0.0,0.37,0.01,0.0,0.0,7.38,0.01,0.01,0.09,0.09,0.01,0.0,0.0,1.02,4.96,0.05,2.16,539.84,26.99,53.98,0.0,53.98,2.88,314.4,323.92,16.16,69.2,0.0,0.0,0.0,0.2,24.8,0.0,5.36,0.0,0.0,0.02,0.0,0.0,0.14,2.08,0.03,0.0,3.84,41.68,0.07,3.68,0.04,0.0,0.0,0.0,0.0,0.0,0.02,0.0,0.0,0.0,0.0,0.0,0.0,0.0,0.0,0.0,0.0,0.0,0.0,0.0,0.0,0.0,0.0,0.0,0.0,0.0,0.0,0.0,0.0,0.0,0.0,0.0,0.0,0.0,0.0,0.0,0.0,0.0,0.0,0.0,0.0,0.0,0.0,0.0,0.0,0.0,0.0,0.0,0.0,0.0,0.12,0.0,0.0,0.0,26.99
cinnamon_ground,0.21,4.19,0.06,2.76,12.84,0.0,0.11,0.11,0.06,0.05,0.0,0.0,0.0,0.0,0.0,0.0,0.0,1.32,0.01,0.0,0.02,0.0,0.58,0.16,0.0,0.0,0.55,0.0,0.0,0.07,0.11,0.01,0.0,0.0,0.57,0.31,0.02,0.2,15.34,0.77,1.53,0.0,1.53,0.05,5.82,9.2,6.71,11.54,0.78,0.0,0.0,0.12,1.62,0.0,52.1,0.0,0.0,0.02,0.0,0.0,0.43,3.12,0.91,0.0,3.33,22.41,0.16,0.52,0.1,0.0,0.0,0.0,0.0,0.0,0.01,0.0,0.0,0.0,0.0,0.0,0.0,0.0,0.0,0.0,0.0,0.0,0.0,0.0,0.0,0.0,0.0,0.0,0.0,0.0,0.01,0.01,0.0,0.0,0.0,0.0,0.01,0.01,0.02,0.0,0.02,0.01,0.01,0.01,0.01,0.01,0.0,0.01,0.02,0.01,0.01,0.0,0.01,0.01,0.19,0.0,0.0,0.0,0.77
cloves_ground,0.25,2.75,0.55,1.42,11.51,0.0,0.1,0.1,0.04,0.05,0.01,0.0,0.0,0.0,0.0,0.0,0.0,1.23,0.06,0.3,0.17,0.01,4.91,1.49,0.1,0.0,0.41,0.01,0.01,0.07,0.09,0.02,0.0,0.0,1.57,1.05,0.02,0.01,6.72,0.34,0.67,0.0,0.67,0.0,1.89,4.05,4.33,0.0,0.0,0.0,0.0,0.37,5.96,0.0,26.54,0.0,0.0,0.02,0.0,0.0,0.5,10.88,2.53,0.0,4.37,42.84,0.3,11.63,0.1,0.03,0.12,0.0,0.0,0.0,0.04,0.02,0.0,0.0,0.12,0.0,0.03,0.0,0.0,0.0,0.0,0.01,0.0,0.0,0.0,0.0,0.01,0.0,0.01,0.0,0.08,0.0,0.03,0.01,0.01,0.02,0.01,0.01,0.03,0.0,0.02,0.01,0.01,0.01,0.02,0.02,0.0,0.01,0.02,0.01,0.01,0.0,0.01,0.01,0.24,0.0,0.0,0.0,0.34
cumin_seeds,0.75,1.86,0.94,0.44,15.75,0.0,0.09,0.0,0.0,0.0,0.0,0.0,0.0,0.0,0.0,0.0,0.0,1.32,0.59,0.14,0.06,0.0,8.42,0.58,0.0,0.0,0.34,0.03,0.01,0.19,0.19,0.02,0.0,0.0,1.04,0.42,0.0,0.32,53.34,2.67,5.33,0.0,5.33,0.0,32.0,32.0,0.0,18.82,0.0,0.0,0.0,0.14,0.23,0.0,39.1,0.0,0.0,0.04,0.0,0.0,2.79,15.37,0.14,0.0,20.96,75.1,0.22,7.06,0.2,0.01,0.13,0.0,0.01,0.0,0.57,0.01,0.0,0.0,0.13,0.0,0.01,0.0,0.0,0.0,0.0,0.0,0.0,0.0,0.0,0.0,0.0,0.0,0.0,0.0,0.05,0.0,0.01,0.0,0.0,0.0,0.0,0.0,0.0,0.0,0.0,0.0,0.0,0.0,0.0,0.0,0.0,0.0,0.0,0.0,0.0,0.0,0.0,0.0,0.32,0.0,0.0,0.0,2.67
dill_sprig_fresh,0.15,0.31,0.05,0.09,1.91,0.0,0.0,0.0,0.0,0.0,0.0,0.0,0.0,0.0,0.0,0.0,0.0,0.0,0.04,0.0,0.0,0.0,0.45,0.02,0.0,0.0,3.82,0.0,0.01,0.07,0.08,0.01,0.0,0.0,0.0,6.67,0.02,3.78,343.45,17.17,34.35,0.0,34.35,0.0,0.0,206.07,0.0,0.0,0.0,0.0,0.0,0.0,0.0,0.0,9.26,0.0,0.0,0.01,0.0,0.0,0.29,2.45,0.06,0.0,2.94,32.84,0.0,2.71,0.04,0.0,0.0,0.0,0.0,0.0,0.04,0.0,0.0,0.0,0.0,0.0,0.0,0.0,0.0,0.0,0.0,0.0,0.0,0.0,0.0,0.0,0.0,0.0,0.0,0.0,0.0,0.0,0.0,0.0,0.0,0.0,0.01,0.01,0.02,0.0,0.01,0.01,0.0,0.01,0.01,0.01,0.0,0.0,0.01,0.01,0.0,0.0,0.0,0.01,0.11,0.0,0.0,0.0,17.17
ginger_slices_fresh,0.11,1.07,0.05,0.12,4.8,0.0,0.1,0.0,0.0,0.0,0.0,0.0,0.0,0.0,0.0,0.0,0.0,0.84,0.01,0.01,0.01,0.0,0.41,0.11,0.0,0.0,4.73,0.0,0.0,0.05,0.06,0.01,0.0,0.0,1.73,0.66,0.01,0.3,0.0,0.0,0.0,0.0,0.0,0.0,0.0,0.0,0.0,0.0,0.0,0.0,0.0,0.02,0.01,0.0,0.96,0.0,0.0,0.01,0.0,0.0,0.04,2.58,0.01,0.0,2.04,24.9,0.04,0.78,0.02,0.0,0.01,0.0,0.0,0.0,0.01,0.0,0.0,0.0,0.01,0.0,0.0,0.0,0.0,0.0,0.0,0.0,0.0,0.0,0.0,0.0,0.0,0.0,0.0,0.0,0.01,0.0,0.0,0.0,0.0,0.0,0.0,0.0,0.01,0.0,0.01,0.0,0.0,0.0,0.0,0.0,0.0,0.0,0.0,0.0,0.0,0.0,0.0,0.0,0.05,0.0,0.0,0.0,0.0
mustard_seeds_yellow_ground,1.04,1.12,1.45,0.49,20.32,0.0,0.27,0.12,0.0,0.12,0.01,0.15,0.0,0.0,0.15,0.0,0.0,0.36,0.9,0.4,0.08,0.0,13.05,0.72,0.0,0.0,0.21,0.03,0.01,0.19,0.35,0.02,0.0,0.0,4.91,6.48,0.03,0.28,1.24,0.06,0.12,0.0,0.12,0.0,0.72,0.72,0.0,22.72,0.0,0.0,0.0,0.2,0.22,0.0,10.64,0.0,0.0,0.03,0.0,0.0,0.37,14.8,0.1,0.0,33.12,29.52,8.32,0.52,0.24,0.15,0.24,0.0,0.0,0.0,0.34,0.16,0.37,0.03,0.24,0.0,0.15,0.0,0.0,0.0,0.0,0.0,0.0,0.0,0.0,0.0,0.0,0.0,0.0,0.0,0.04,0.0,0.02,0.01,0.01,0.0,0.04,0.07,0.09,0.03,0.2,0.06,0.03,0.04,0.08,0.07,0.02,0.04,0.11,0.03,0.03,0.01,0.03,0.06,0.17,0.0,0.0,0.0,0.06
oregano_leaf_dried,0.18,1.38,0.09,0.85,5.3,0.0,0.08,0.06,0.02,0.04,0.0,0.02,0.0,0.0,0.02,0.0,0.0,0.45,0.01,0.03,0.03,0.0,0.77,0.28,0.0,0.0,0.2,0.0,0.01,0.09,0.16,0.02,0.0,0.0,0.65,4.74,0.02,0.05,34.02,1.7,3.4,0.0,3.4,0.4,20.14,20.41,0.14,37.9,0.0,0.0,0.0,0.37,12.43,0.0,31.94,0.0,0.0,0.01,0.0,0.0,0.74,5.4,0.1,0.0,2.96,25.2,0.09,0.5,0.05,0.01,0.01,0.0,0.0,0.0,0.01,0.0,0.0,0.0,0.01,0.0,0.01,0.0,0.0,0.0,0.0,0.0,0.0,0.0,0.0,0.0,0.0,0.0,0.0,0.0,0.02,0.0,0.01,0.0,0.0,0.0,0.01,0.01,0.02,0.0,0.02,0.01,0.0,0.01,0.01,0.01,0.0,0.01,0.03,0.01,0.01,0.0,0.01,0.01,0.16,0.0,0.0,0.0,1.7
parsley_chopped_fresh,0.9,1.92,0.24,1.0,10.94,0.0,0.26,0.0,0.0,0.0,0.0,0.0,0.0,0.0,0.0,0.0,0.0,0.66,0.09,0.04,0.04,0.0,2.16,0.36,0.0,0.0,26.66,0.03,0.03,0.4,0.63,0.03,0.0,0.0,3.89,46.21,0.12,40.43,2560.89,128.04,256.09,0.0,256.09,0.0,1536.41,1536.41,0.0,1690.54,0.0,0.0,0.0,0.23,498.56,0.0,41.95,0.0,0.0,0.05,0.0,0.0,1.88,15.2,0.05,0.0,17.63,168.42,0.03,17.02,0.33,0.0,0.03,0.0,0.0,0.0,0.09,0.0,0.0,0.0,0.03,0.0,0.0,0.0,0.0,0.0,0.0,0.0,0.0,0.0,0.0,0.0,0.0,0.0,0.0,0.0,0.03,0.0,0.01,0.0,0.0,0.0,0.06,0.04,0.09,0.0,0.08,0.04,0.02,0.04,0.06,0.06,0.01,0.04,0.06,0.04,0.04,0.01,0.02,0.05,0.67,0.0,0.0,0.0,128.04
peppermint_leaves_fresh,0.28,1.13,0.07,0.61,5.32,0.0,0.0,0.0,0.0,0.0,0.0,0.0,0.0,0.0,0.0,0.0,0.0,0.0,0.0,0.04,0.02,0.0,0.64,0.17,0.0,0.0,5.98,0.01,0.02,0.13,0.2,0.01,0.0,0.0,0.0,8.66,0.03,2.42,322.85,16.14,32.28,0.0,32.28,0.0,0.0,193.71,0.0,0.0,0.0,0.0,0.0,0.0,0.0,0.0,18.47,0.0,0.0,0.03,0.0,0.0,0.39,6.08,0.09,0.0,5.55,43.24,0.0,2.36,0.08,0.03,0.01,0.0,0.0,0.0,0.0,0.0,0.0,0.0,0.01,0.0,0.03,0.0,0.0,0.0,0.0,0.0,0.0,0.0,0.0,0.0,0.0,0.0,0.0,0.0,0.01,0.0,0.0,0.0,0.0,0.0,0.01,0.01,0.03,0.0,0.03,0.01,0.01,0.01,0.02,0.01,0.0,0.01,0.01,0.01,0.01,0.0,0.01,0.01,0.13,0.0,0.0,0.0,16.14
rosemary_fresh,0.14,0.87,0.25,0.59,5.5,0.0,0.0,0.0,0.0,0.0,0.0,0.0,0.0,0.0,0.0,0.0,0.0,0.0,0.05,0.04,0.12,0.0,2.22,1.07,0.0,0.0,2.85,0.0,0.01,0.04,0.07,0.01,0.0,0.0,0.0,4.58,0.03,0.92,122.81,6.14,12.28,0.0,12.28,0.0,0.0,73.68,0.0,0.0,0.0,0.0,0.0,0.0,0.0,0.0,13.31,0.0,0.0,0.01,0.0,0.0,0.28,3.82,0.04,0.0,2.77,28.06,0.0,1.09,0.04,0.02,0.02,0.0,0.0,0.0,0.04,0.0,0.0,0.0,0.02,0.0,0.02,0.0,0.0,0.0,0.0,0.0,0.0,0.0,0.0,0.0,0.0,0.0,0.01,0.0,0.08,0.0,0.01,0.0,0.0,0.0,0.01,0.01,0.02,0.0,0.02,0.01,0.0,0.01,0.01,0.01,0.0,0.01,0.01,0.01,0.01,0.0,0.0,0.01,0.1,0.0,0.0,0.0,6.14
sage_dried,0.15,0.85,0.18,0.56,4.41,0.0,0.02,0.0,0.0,0.0,0.0,0.0,0.0,0.0,0.0,0.0,0.0,0.26,0.03,0.02,0.1,0.0,1.61,0.89,0.0,0.0,0.11,0.01,0.0,0.08,0.08,0.04,0.0,0.0,0.61,3.84,0.0,0.45,82.6,4.13,8.26,0.0,8.26,0.0,48.79,49.55,1.53,26.53,0.0,0.0,0.0,0.1,24.0,0.0,23.13,0.0,0.0,0.01,0.0,0.0,0.39,5.99,0.04,0.0,1.27,14.98,0.05,0.15,0.07,0.02,0.01,0.0,0.0,0.0,0.02,0.0,0.0,0.0,0.01,0.0,0.02,0.0,0.0,0.0,0.0,0.0,0.0,0.0,0.0,0.01,0.01,0.0,0.01,0.0,0.04,0.0,0.02,0.0,0.0,0.0,0.0,0.0,0.0,0.0,0.0,0.0,0.0,0.0,0.0,0.0,0.0,0.0,0.0,0.0,0.0,0.0,0.0,0.0,0.11,0.0,0.0,0.0,4.13
thyme_fresh,0.27,1.17,0.08,0.67,4.85,0.0,0.0,0.0,0.0,0.0,0.0,0.0,0.0,0.0,0.0,0.0,0.0,0.0,0.0,0.03,0.02,0.0,0.73,0.2,0.0,0.0,3.13,0.0,0.02,0.09,0.18,0.02,0.0,0.0,0.0,2.16,0.02,7.68,228.05,11.4,22.8,0.0,22.8,0.0,136.85,136.83,0.0,0.0,0.0,0.0,0.0,0.0,0.0,0.0,19.44,0.0,0.0,0.03,0.0,0.0,0.84,7.68,0.08,0.0,5.09,29.23,0.0,0.43,0.09,0.02,0.0,0.0,0.0,0.0,0.0,0.0,0.0,0.0,0.0,0.0,0.02,0.0,0.0,0.0,0.0,0.0,0.0,0.0,0.0,0.0,0.0,0.0,0.0,0.0,0.01,0.0,0.0,0.0,0.0,0.0,0.0,0.0,0.0,0.0,0.0,0.0,0.0,0.01,0.01,0.01,0.0,0.0,0.0,0.0,0.01,0.01,0.0,0.01,0.15,0.0,0.0,0.0,11.4
turmeric_ground,0.34,2.86,0.43,0.93,15.58,0.0,0.14,0.04,0.02,0.02,0.0,0.1,0.0,0.0,0.1,0.0,0.0,1.79,0.07,0.1,0.14,0.0,3.91,1.24,0.0,0.0,0.5,0.01,0.01,0.23,0.23,0.08,0.0,0.0,2.16,1.72,0.0,1.14,0.0,0.0,0.0,0.0,0.0,0.0,0.0,0.0,0.0,0.0,0.0,0.0,0.0,0.14,0.59,0.0,8.05,0.0,0.0,0.03,0.0,0.0,1.82,8.49,0.34,0.0,11.79,111.1,0.2,1.67,0.19,0.02,0.07,0.0,0.0,0.0,0.07,0.0,0.0,0.0,0.07,0.0,0.02,0.0,0.0,0.0,0.0,0.0,0.0,0.0,0.0,0.0,0.01,0.02,0.01,0.0,0.07,0.0,0.01,0.0,0.0,0.0,0.0,0.0,0.0,0.0,0.0,0.0,0.0,0.0,0.0,0.0,0.0,0.0,0.0,0.0,0.0,0.0,0.0,0.0,0.26,0.0,0.0,0.0,0.0
